2020-04-02 19:06,Becky G,DOLLAR,204226
2020-04-02 19:09,Becky G,24/7,165346
2020-04-02 19:12,Becky G,SI SI,180213
2020-04-02 19:16,Becky G,VÁMONOS,211106
2020-04-02 19:19,Becky G,MEJOR ASÍ,173613
2020-04-02 19:22,Becky G,PELEAS,207106
2020-04-02 19:26,Becky G,NO TE PERTENEZCO,217146
2020-04-02 19:28,Becky G,EN MI CONTRA,143826
2020-04-02 19:29,Becky G,ME ACOSTUMBRÉ,26426
2020-04-02 19:33,Kiana Ledé,Forfeit. (ft. Lucky Daye),242405
2020-04-02 19:35,Kiana Ledé,Mad At Me.,134611
2020-04-02 19:38,Russ,ALL TO YOU (feat. Kiana Ledé),184493
2020-04-02 19:41,Kiana Ledé,Easy Breezy,157253
2020-04-02 19:43,Kiana Ledé,Title,145946
2020-04-02 19:46,Kiana Ledé,Bouncin (feat. Offset),172493
2020-04-02 19:49,Kiana Ledé,Can I,160586
2020-04-02 19:50,Kiana Ledé,Shawty,114773
2020-04-02 19:54,Kiana Ledé,If You Hate Me,197173
2020-04-02 19:57,Kiana Ledé,Heavy,216066
2020-04-02 20:01,Kiana Ledé,EX,222346
2020-04-02 20:04,Kiana Ledé,Show Love,178106
2020-04-02 20:06,Kiana Ledé,Fairplay - Remix,86883
2020-04-02 20:09,Dua Lipa,Break My Heart,221820
2020-04-02 20:12,PARTYNEXTDOOR,BELIEVE IT,183219
2020-04-02 20:16,The Weeknd,In Your Eyes,237520
2020-04-02 20:19,Powfu,death bed (coffee for your head),173333
2020-04-02 20:22,Loud Luxury,Cold Feet,175151
2020-04-02 20:25,Ali Gatie,What If I Told You That I Love You,193667
2020-04-02 20:26,Dua Lipa,Don't Start Now,7190
2020-04-02 20:26,blackbear,me & ur ghost,60317
2020-04-02 20:28,24kGoldn,CITY OF ANGELS,112493
2020-04-02 20:32,The Weeknd,Blinding Lights,200040
2020-04-02 20:35,Justin Bieber,Intentions (feat. Quavo),212866
2020-04-02 20:40,Jessie Reyez,COFFIN (feat. Eminem),261773
2020-04-02 20:42,Lil Mosey,Blueberry Faygo,162546
2020-04-02 20:46,JP Saxe,If the World Was Ending - feat. Julia Michaels,211626
2020-04-02 20:49,Loud Luxury,Aftertaste (feat. Morgan St. Jean),197082
2020-04-02 20:52,Surfaces,Sunday Best,158571
2020-04-02 20:55,Selena Gomez,Feel Me,182779
2020-04-02 20:58,Rauw Alejandro,Tattoo,184580
2020-04-02 21:02,Grouplove,Tongue Tied,218013
2020-04-02 21:05,Corinne Bailey Rae,Put Your Records On,215360
2020-04-02 21:09,Fleetwood Mac,Dreams - 2004 Remaster,237706
2020-04-02 21:12,Natalie Cole,This Will Be (An Everlasting Love),171960
2020-04-02 21:15,John Mayer,Your Body Is a Wonderland,10136
2020-04-02 21:15,Percy Sledge,You Really Got a Hold on Me,173893
2020-04-02 21:19,Modern English,I Melt with You,229760
2020-04-02 21:22,Fleetwood Mac,Landslide,199493
2020-04-02 21:25,The Marvelettes,Please Mr. Postman,148040
2020-04-02 21:28,The Foundations,Build Me Up Buttercup,177533
2020-04-02 21:31,Jr. Walker & The All Stars,How Sweet It Is (To Be Loved By You),182440
2020-04-02 21:33,The Supremes,Baby Love,158040
2020-04-02 21:36,The Temptations,The Way You Do The Things You Do,165744
2020-04-02 21:39,The Beatles,I Want To Hold Your Hand - Remastered 2015,145746
2020-04-02 21:43,Nelly Furtado,I'm Like A Bird,243160
2020-04-02 21:46,ABBA,Dancing Queen,230693
2020-04-02 21:50,Jack Johnson,Banana Pancakes,191906
2020-04-02 21:53,Mary Wells,My Guy,174440
2020-04-02 21:54,The Temptations,My Girl,66742
2020-04-02 21:55,Lauv,"fuck, i'm lonely (with Anne-Marie)",53680
2020-04-02 21:57,The Cardigans,Lovefool,171063
2020-04-02 22:02,The Cranberries,Linger,274706
2020-04-02 22:06,Ace of Base,All That She Wants,211213
2020-04-02 22:09,Lisa Loeb,Stay (I Missed You),184333
2020-04-02 22:13,Shania Twain,Man! I Feel Like A Woman!,234493
2020-04-02 22:16,No Doubt,Just A Girl,209200
2020-04-02 22:17,Counting Crows,Mr. Jones,70310
2020-04-02 22:18,TLC,Waterfalls,68200
2020-04-02 22:19,No Doubt,Don't Speak,18410
2020-04-02 22:19,Sixpence None The Richer,Kiss Me,42030
2020-04-02 22:24,4 Non Blondes,What's Up?,295533
2020-04-02 22:29,Blackstreet,No Diggity,280956
2020-04-02 22:33,Montell Jordan,This Is How We Do It,238800
2020-04-02 22:37,Mariah Carey,Fantasy,243493
2020-04-02 22:41,Backstreet Boys,I Want It That Way,213600
2020-04-02 22:45,Natalie Imbruglia,Torn,244666
2020-04-02 22:49,Spice Girls,Say You'll Be There,235973
2020-04-02 22:53,Semisonic,Closing Time,274160
2020-04-02 22:58,Deep Blue Something,Breakfast At Tiffany's,257373
2020-04-02 23:01,Christina Aguilera,Genie In a Bottle,217573
2020-04-02 23:05,Salt-N-Pepa,Shoop,248573
2020-04-02 23:10,Meredith Brooks,Bitch,252760
2020-04-02 23:13,Britney Spears,...Baby One More Time,211066
2020-04-02 23:16,Shania Twain,That Don't Impress Me Much,180520
2020-04-02 23:20,Pras,Ghetto Supastar (That Is What You Are) (feat. Ol' Dirty Bastard & Mya) - The Black Apple Remix,261973
2020-04-02 23:24,Ms. Lauryn Hill,Doo Wop (That Thing),230696
2020-04-02 23:29,New Radicals,You Get What You Give,300773
2020-04-02 23:33,Boyz II Men,I'll Make Love To You,236773
2020-04-02 23:37,Alanis Morissette,Ironic - 2015 Remaster,230000
2020-04-02 23:40,Aqua,Barbie Girl,197773
2020-04-02 23:47,Wilson Phillips,Hold On,266866
2020-04-02 23:50,MC Hammer,U Can't Touch This,162283
2020-04-02 23:54,Hanson,MMMBop,268653
2020-04-02 23:58,House Of Pain,Jump Around,214946
2020-04-03 00:01,Spice Girls,Stop,204753
2020-04-03 00:06,No Doubt,Spiderwebs,266760
2020-04-03 00:11,K-Ci & JoJo,All My Life,331240
2020-04-03 00:16,Shaggy,Boombastic,249933
2020-04-03 00:19,Coolio,Gangsta's Paradise,188023
2020-04-03 00:23,Usher,Burn - Radio Mix,4190
2020-04-03 00:23,Shaggy,Angel,235133
2020-04-03 00:26,Russ,ALL TO YOU (feat. Kiana Ledé),184493
2020-04-03 00:29,Russ,SHOTS,170466
2020-04-03 00:32,Russ,PATIENCE,184600
2020-04-03 00:36,Russ,I THOUGHT YOU GOT ME (feat. Benny The Butcher),261666
2020-04-03 00:39,Russ,FOOT ON THE GAS (feat. Devin the Dude),158253
2020-04-03 00:42,Russ,MOMMA,194160
2020-04-03 00:44,Russ,CIVIL WAR - Bonus,144506
2020-04-03 00:47,Russ,BEST ON EARTH (feat. BIA) - Bonus,143933
2020-04-03 00:50,Daniel Caesar,LOVE AGAIN,214277
2020-04-03 00:54,Snoh Aalegra,Find Someone Like You,206465
2020-04-03 00:58,Anna Wise,Abracadabra,246936
2020-04-03 01:01,Ayelle,Worst Way,172800
2020-04-03 01:05,Madison Ryann Ward,BRKN,233400
2020-04-03 01:08,Noé,i cheated on u,198938
2020-04-03 01:10,Lil Halima,Booty,140924
2020-04-03 01:12,Jay Ham,You Say,121274
2020-04-03 01:16,Free Nationals,Time,210279
2020-04-03 01:20,Bergrós,I'll Show You,257968
2020-04-03 01:24,Bubbs,Since I Had You,203546
2020-04-03 01:28,Mark Ronson,Why Hide (feat. Diana Gordon),259227
2020-04-03 01:35,Suff Daddy,Magic,396500
2020-04-03 01:38,Alicia Keys,If I Ain't Got You,228706
2020-04-03 01:42,Yolanda Adams,Better Than Gold,216653
2020-04-03 01:45,Donny Hathaway,"Love, Love, Love",204055
2020-04-03 01:49,Leon Bridges,That Was Yesterday,230013
2020-04-03 01:52,Matt Corby,Talk It Out,190726
2020-04-03 01:56,ROSZETTA JOHNSON,A Woman's Way,214626
2020-04-03 02:00,India.Arie,Video,249960
2020-04-03 02:05,Ben E. King,Made For Each Other,284040
2020-04-03 02:07,Carole King,Bitter With The Sweet,148040
2020-04-03 02:11,Michael Henderson,Valentine Love (Slow Version),238158
2020-04-03 02:14,Sandra Wright,I'll Come Running Back (Mr Scruff Edit),125040
2020-04-03 02:18,Herman Jones,I Love You,258462
2020-04-03 02:21,The Counts,Dedicated Man,202000
2020-04-03 02:25,Anita Baker,Giving You the Best That I Got - Single Version,233973
2020-04-03 02:28,Rufus,Sweet Thing,200146
2020-04-03 02:33,Brainstorm,You Put A Charge In My Life,251733
2020-04-03 02:37,Gregory Porter,Holding On,254893
2020-04-03 02:40,Robin Thicke,Morning Sun,210026
2020-04-03 02:44,After 7,I Want You,210206
2020-04-03 02:48,Anita Baker,Caught Up in the Rapture - Single Version,248600
2020-04-03 02:52,Chaka Khan,Move Me No Mountain,253320
2020-04-03 02:55,Bobbie Houston,I Want to Make It with You,186617
2020-04-03 02:59,Charlie Puth,Some Type of Love,185608
2020-04-03 03:02,Michael Jackson,Rock with You - Single Version,220626
2020-04-03 03:08,Stephanie Mills,Never Knew Love Like This Before,325173
2020-04-03 03:12,Anita Baker,Sweet Love,266200
2020-04-03 03:17,Chaka Khan,Through the Fire,286693
2020-04-03 03:22,Luther Vandross,Always and Forever,292733
2020-04-03 03:25,Smokey Robinson & The Miracles,Ooo Baby Baby,164160
2020-04-03 03:27,Roberta Flack,Feel Like Makin' Love,175400
2020-04-03 03:32,Johnny Mathis,Love Never Felt So Good,259560
2020-04-03 03:36,Anita Baker,You Bring Me Joy,264773
2020-04-03 03:40,Charles Bradley,Things We Do for Love,208418
2020-04-03 03:44,Ambrosia,How Much I Feel - Remastered Version,282373
2020-04-03 03:47,Sam Cooke,You Send Me,162466
2020-04-03 03:50,George Duke,Say That You Will,185626
2020-04-03 03:56,Maxwell,Ascension (Don't Ever Wonder),346133
2020-04-03 04:00,Anita Baker,No One in the World,246906
2020-04-03 04:03,Janet Jackson,Got 'Til It's Gone,176606
2020-04-03 04:07,ZAYN,Back To Life,195466
2020-04-03 04:08,Kiana Ledé,Cancelled.,20474
2020-04-03 04:10,Ariana Grande,in my head,125360
2020-04-03 04:13,Kiana Ledé,Cancelled.,166626
2020-04-03 04:16,Kiana Ledé,Movin.,186026
2020-04-03 04:18,Kiana Ledé,Mad At Me.,135373
2020-04-03 04:21,Kiana Ledé,Chocolate. (ft. Ari Lennox),186120
2020-04-03 04:26,Kiana Ledé,Forfeit. (ft. Lucky Daye),242400
2020-04-03 04:29,Kiana Ledé,Second Chances. (ft. 6LACK),192120
2020-04-03 04:31,Kiana Ledé,Crazy.,135760
2020-04-03 04:34,Kiana Ledé,Plenty More.,208746
2020-04-03 04:36,Kiana Ledé,Skiterlude.,109400
2020-04-03 04:39,Kiana Ledé,"Labels. (ft. Moneybagg Yo, BIA)",155666
2020-04-03 04:42,Kiana Ledé,Honest.,158133
2020-04-03 04:44,Kiana Ledé,Feel A Way.,167560
2020-04-03 04:48,Kiana Ledé,Good Girl. (ft. Col3trane),194000
2020-04-03 04:51,Kiana Ledé,Attention.,202346
2020-04-03 04:54,Kiana Ledé,Separation. (ft. Arin Ray),157613
2020-04-03 04:57,Kiana Ledé,Protection.,232973
2020-04-03 05:00,Kiana Ledé,No Takebacks.,144893
2020-04-03 05:00,Ariana Grande,7 rings,15320
2020-04-03 05:03,Russ,ALL TO YOU (feat. Kiana Ledé),178410
2020-04-03 05:06,Russ,NEED A MINUTE,164013
2020-04-03 05:08,Russ,GUESS WHAT (feat. Rick Ross),133156
2020-04-03 05:10,Marc E. Bassy,Just My Luck,110000
2020-04-03 05:13,Bree Runway,All Night,211903
2020-04-03 05:17,Alessia Cara,I Choose - From The Netflix Original Film The Willoughbys,216302
2020-04-03 05:21,Frank Ocean,Dear April (Side A - Acoustic),229916
2020-04-03 05:24,Frank Ocean,Cayendo (Side A - Acoustic),201072
2020-04-03 05:27,Lindsay Lohan,Back To Me,172210
2020-04-03 05:30,Joshua Bassett,Common Sense,166508
2020-04-03 05:33,Doja Cat,Say So - Snakehips Remix,200453
2020-04-03 05:36,Dinah Jane,Missed A Spot,53444
2020-04-03 05:36,Dinah Jane,Missed A Spot,137440
2020-04-03 05:39,Rina Sawayama,Chosen Family,128180
2020-04-03 05:40,Rina Sawayama,Chosen Family,100470
2020-04-03 05:41,Rina Sawayama,Chosen Family,19096
2020-04-03 05:42,Rina Sawayama,Comme Des Garçons (Like The Boys),78900
2020-04-03 05:45,Kllo,Back To You,177367
2020-04-03 05:48,070 Shake,Guilty Conscience,213081
2020-04-03 05:52,Marc E. Bassy,Just My Luck,186218
2020-04-03 05:55,Trey Schafer,Patience,14310
2020-04-03 05:55,Bree Runway,Big Racks (feat. Brooke Candy),184677
2020-04-03 05:55,Bree Runway,2ON,5270
2020-04-03 05:58,Ramz,Barking,25060
2020-04-03 05:58,Olivia O'Brien,Josslyn - Demo,168889
2020-04-03 06:01,Ramz,Barking,179140
2020-04-03 06:05,Ramriddlz,Call Me,199163
2020-04-03 06:07,JoJo,Man,173308
2020-04-03 06:11,Dan D'Lion,Give What You Take,218156
2020-04-03 06:12,Mree,The Middle,37690
2020-04-03 06:15,Mree,The Middle,164116
2020-04-03 06:18,JONES,Melt,214395
2020-04-03 06:22,Monsune,OUTTA MY MIND,225492
2020-04-03 06:26,Kiana Ledé,Movin.,0
2020-04-03 06:26,Kiana Ledé,Cancelled.,166626
2020-04-03 06:29,Kiana Ledé,Cancelled.,166626
2020-04-03 06:32,Kiana Ledé,Movin.,186026
2020-04-03 06:34,Kiana Ledé,Mad At Me.,135373
2020-04-03 06:37,Kiana Ledé,Forfeit. (ft. Lucky Daye),1863
2020-04-03 06:37,Kiana Ledé,Chocolate. (ft. Ari Lennox),186120
2020-04-03 06:41,Alessia Cara,Growing Pains,11430
2020-04-03 06:41,Kiana Ledé,Forfeit. (ft. Lucky Daye),3940
2020-04-03 06:41,Kiana Ledé,Forfeit. (ft. Lucky Daye),5690
2020-04-03 06:41,Alessia Cara,I Choose - From The Netflix Original Film The Willoughbys,217347
2020-04-03 06:41,Kiana Ledé,Chocolate. (ft. Ari Lennox),1080
2020-04-03 06:44,Kiana Ledé,Second Chances. (ft. 6LACK),192120
2020-04-03 06:46,Kiana Ledé,Crazy.,135760
2020-04-03 06:50,Kiana Ledé,Plenty More.,208746
2020-04-03 06:52,Kiana Ledé,Skiterlude.,109400
2020-04-03 06:54,Kiana Ledé,"Labels. (ft. Moneybagg Yo, BIA)",155666
2020-04-03 06:57,Kiana Ledé,Honest.,158133
2020-04-03 07:00,Kiana Ledé,Feel A Way.,167560
2020-04-03 07:03,Kiana Ledé,Good Girl. (ft. Col3trane),194000
2020-04-03 07:06,Kiana Ledé,Attention.,202346
2020-04-03 07:09,Kiana Ledé,Separation. (ft. Arin Ray),157613
2020-04-03 07:13,Kiana Ledé,Protection.,232973
2020-04-03 07:15,Kiana Ledé,No Takebacks.,144893
2020-04-03 07:18,Kiana Ledé,Cancelled.,166626
2020-04-03 07:21,Kiana Ledé,Movin.,186026
2020-04-03 07:23,Kiana Ledé,Mad At Me.,135373
2020-04-03 07:27,Kiana Ledé,Chocolate. (ft. Ari Lennox),186120
2020-04-03 07:31,Kiana Ledé,Forfeit. (ft. Lucky Daye),242400
2020-04-03 07:34,Kiana Ledé,Second Chances. (ft. 6LACK),192120
2020-04-03 07:36,Kiana Ledé,Crazy.,135760
2020-04-03 07:39,Kiana Ledé,Plenty More.,160190
2020-04-03 07:42,Lauv,"fuck, i'm lonely (with Anne-Marie)",198973
2020-04-03 07:45,Lauv,Lonely Eyes,196493
2020-04-03 07:48,Lauv,Sims,155080
2020-04-03 07:51,Lauv,Believed,169760
2020-04-03 07:54,Lauv,Billy,180293
2020-04-03 07:57,Lauv,Feelings,189906
2020-04-03 08:00,Lauv,Canada (feat. Alessia Cara),184008
2020-04-03 08:03,Lauv,For Now,189240
2020-04-03 08:06,Lauv,Mean It,193744
2020-04-03 08:10,Lonr.,Make the Most (feat. H.E.R.),213851
2020-04-03 08:14,David Bisbal,Si Tú La Quieres,224761
2020-04-03 08:16,Ali Gatie,What If I Told You That I Love You - Don Diablo Remix,157714
2020-04-03 08:20,CNCO,Honey Boo,206986
2020-04-03 08:23,Tory Lanez,Who Needs Love,173870
2020-04-03 08:25,Olivia Rodrigo,"I Think I Kinda, You Know – Just for a Moment Mashup - From ""High School Musical: The Musical: The Series""",134870
2020-04-03 08:28,Louis The Child,Little Things (with Quinn XCII & Chelsea Cutler),197448
2020-04-03 08:32,Sebastian Yatra,Falta Amor,203760
2020-04-03 08:35,LIZ LOKRE,One,206052
2020-04-03 08:39,Morat,Nunca Te Olvidé,211970
2020-04-03 08:41,Vita Prendeville,Neverland,112979
2020-04-03 08:44,Alli Fitz,Rehab,177560
2020-04-03 08:47,Eric Penn,Safe Than Sorry,236068
2020-04-03 08:50,Justin Bieber,Running Over,179626
2020-04-03 08:54,Alaina Castillo,just a boy,185681
2020-04-03 08:56,Olivia O'Brien,Josslyn - Demo,169411
2020-04-03 08:59,Charly Black,Over Again,2
2020-04-03 08:59,Mabel,Boyfriend - Tiësto Remix,177133
2020-04-03 09:00,Mabel,Boyfriend - Tiësto Remix,29740
2020-04-03 09:03,Charly Black,Over Again,180390
2020-04-03 09:06,Anne-Marie,Her,177568
2020-04-03 09:06,Ari Lennox,Facetime (with Durand Bernarr) - Remix,5960
2020-04-03 09:06,Mac Miller,Floating,6401
2020-04-03 09:11,Janine,Ain't Nobody,284867
2020-04-03 09:13,R3HAB,Good Example (with Andy Grammer),127382
2020-04-03 09:16,Lata Harbor,Wash My Hands (feat. Marc E. Bassy & Collett),210337
2020-04-03 09:19,Solange,Naive - Remix,161152
2020-04-03 16:45,Christina Aguilera,"El Mejor Guerrero - De ""Mulán""",163280
2020-04-03 16:48,Jay Wavey,Through It All,155663
2020-04-03 16:48,Jay Wavey,Through It All,17220
2020-04-03 16:50,Drake,Toosie Slide,120010
2020-04-03 18:34,Kiana Ledé,Attention.,202346
2020-04-03 18:37,Kiana Ledé,Separation. (ft. Arin Ray),157613
2020-04-03 18:41,Kiana Ledé,Protection.,232973
2020-04-03 18:43,Kiana Ledé,No Takebacks.,144893
2020-04-03 18:46,Kiana Ledé,Movin.,186026
2020-04-03 18:49,Jhené Aiko,Happiness Over Everything (H.O.E.) (feat. Future & Miguel),193833
2020-04-03 18:52,Mahalia,Grateful,185991
2020-04-03 18:57,SZA,Normal Girl,253586
2020-04-03 19:01,Kiana Ledé,Forfeit. (ft. Lucky Daye),242405
2020-04-03 19:04,Summer Walker,CPR,203240
2020-04-03 19:09,Ella Mai,She Don't (feat. Ty Dolla $Ign),264097
2020-04-03 19:11,UMI,Butterfly,160500
2020-04-03 19:14,Kiana Ledé,One of Them Days,180880
2020-04-03 19:18,Kehlani,RPG (feat. 6lack),236218
2020-04-03 19:19,SZA,Broken Clocks,56190
2020-04-03 19:22,ZAYN,Let Me,185373
2020-04-03 19:25,ZAYN,Natural,193186
2020-04-03 19:29,ZAYN,Back To Life,195466
2020-04-03 19:33,ZAYN,Common,232520
2020-04-03 19:36,ZAYN,Imprint,190120
2020-04-03 19:38,ZAYN,Stand Still,113873
2020-04-03 19:42,Drake,Toosie Slide,247058
2020-04-03 19:45,The Weeknd,Nothing Compares - Bonus Track,222306
2020-04-03 19:48,Tory Lanez,Who Needs Love,173870
2020-04-03 19:52,Alessia Cara,I Choose - From The Netflix Original Film The Willoughbys,217347
2020-04-03 19:55,Jessie Reyez,WORTH SAVING,204853
2020-04-03 19:59,Kygo,I'll Wait,215360
2020-04-03 20:01,DaBaby,FIND MY WAY,139890
2020-04-03 20:06,Troye Sivan,Take Yourself Home,249369
2020-04-03 20:09,Future,Tycoon,203528
2020-04-03 20:12,Black Atlass,Do For Love,159928
2020-04-03 20:15,Purity Ring,i like the devil,175706
2020-04-03 20:18,Sam Hunt,2016,235053
2020-04-03 20:22,Steve Aoki,I Love My Friends,185624
2020-04-03 20:23,bbno$,quarantine freestyle,92173
2020-04-03 20:26,Tyga,Bored In The House,174933
2020-04-03 20:29,Madison Beer,Stained Glass,207531
2020-04-03 20:33,Dallas Smith,Like A Man,188346
2020-04-03 20:36,Billy Talent,I Beg To Differ (This Will Get Better),216561
2020-04-03 20:40,Born Ruffians,Breathe,208214
2020-04-03 20:44,Frank Ocean,Dear April (Side A - Acoustic),231040
2020-04-03 20:47,Lonr.,Make the Most (feat. H.E.R.),213851
2020-04-03 20:49,Bazzi,Renee's Song,130545
2020-04-03 20:52,Young Bombs,High Road,155518
2020-04-03 20:55,Peach Pit,Figure 8,208653
2020-04-03 20:59,Allan Rayman,Road Warrior,192480
2020-04-03 21:04,July Talk,Pay For It,308573
2020-04-03 21:06,Faouzia,Wake Me When It's Over,130680
2020-04-03 21:09,Ali Gatie,What If I Told You That I Love You - Don Diablo Remix,157714
2020-04-03 21:12,Ant Saunders,MISCOMMUNICATIONS,174306
2020-04-03 21:15,Snotty Nose Rez Kids,Kobe Face,192217
2020-04-03 21:18,Thomas Rhett,Be A Light,173960
2020-04-03 21:21,Turbo,QUARANTINE CLEAN,217728
2020-04-03 21:24,Alan Walker,Heading Home,184889
2020-04-03 21:28,TOPS,OK Fine Whatever,210080
2020-04-03 21:30,BIA,COVER GIRL,149497
2020-04-03 21:33,Ambjaay,Blow the Pickle (feat. Wiz Khalifa),135715
2020-04-03 21:36,Tiffany Day,Autopilot,211173
2020-04-03 21:39,Famous Dex,What I Like (feat. Rich The Kid & Tyga),177404
2020-04-03 21:43,J. Hutton,Pink Couch,203225
2020-04-03 21:45,Dizzy,Sunflower - MUNA Remix,170107
2020-04-03 21:49,Louis The Child,Little Things (with Quinn XCII & Chelsea Cutler),197448
2020-04-03 21:52,YoungBoy Never Broke Again,Unchartered Love,175441
2020-04-03 21:55,Billy Raffoul,A Few More Hours at YYZ,215806
2020-04-03 21:59,Hayley Williams,Over Yet,214959
2020-04-03 22:03,Flo Milli,Not Friendly,234991
2020-04-03 22:06,The Blue Stones,Careless,215189
2020-04-03 22:09,All Time Low,Monsters (feat. blackbear),174067
2020-04-03 22:11,Eddie Benjamin,Fuck My Friends,123770
2020-04-03 22:13,WHIPPED CREAM,I Do The Most (feat. Lil Keed),102981
2020-04-03 23:14,WHIPPED CREAM,I Do The Most (feat. Lil Keed),18250
2020-04-03 23:17,Donnie,Belligerent,160939
2020-04-03 23:21,The 1975,Jesus Christ 2005 God Bless America,264006
2020-04-03 23:25,KAROL G,Follow,203093
2020-04-03 23:28,GAMPER & DADONI,Perfect (For Somebody Else) [feat. Dewain Whitmore],169633
2020-04-03 23:31,Kiana Ledé,Chocolate. (ft. Ari Lennox),186120
2020-04-03 23:34,Lil Durk,All Love,188670
2020-04-03 23:38,ILLENIUM,Feel Something (With I Prevail),221000
2020-04-03 23:41,Orville Peck,Summertime,177012
2020-04-03 23:45,Ellis,Into The Trees,245426
2020-04-03 23:48,NIKI,Switchblade,204299
2020-04-03 23:49,Isaac Dunbar,comme des garçons (like the boys),77918
2020-04-03 23:53,Jessie Reyez,DO YOU LOVE HER,196493
2020-04-03 23:56,Jessie Reyez,DEAF (who are you),173066
2020-04-03 23:59,Jessie Reyez,INTRUDERS,185066
2020-04-04 00:03,Jessie Reyez,COFFIN (feat. Eminem),261773
2020-04-04 00:06,Jessie Reyez,ANKLES,169240
2020-04-04 00:10,Jessie Reyez,IMPORTED (with 6LACK),225213
2020-04-04 00:13,Jessie Reyez,LA MEMORIA,197733
2020-04-04 00:16,Jessie Reyez,SAME SIDE,190346
2020-04-04 00:18,Jessie Reyez,ROOF,105706
2020-04-04 00:20,Jessie Reyez,DOPE,157533
2020-04-04 00:24,Jessie Reyez,KILL US,245866
2020-04-04 00:28,Jessie Reyez,LOVE IN THE DARK,239093
2020-04-04 00:30,Jessie Reyez,I DO,113716
2020-04-04 00:33,Taylor Swift,I Forgot That You Existed,170640
2020-04-04 00:36,Taylor Swift,Cruel Summer,178426
2020-04-04 00:39,Taylor Swift,Lover,193499
2020-04-04 00:43,Taylor Swift,The Man,190360
2020-04-04 00:46,Taylor Swift,The Archer,211240
2020-04-04 00:49,Taylor Swift,I Think He Knows,173386
2020-04-04 00:53,Taylor Swift,Miss Americana & The Heartbreak Prince,234146
2020-04-04 00:57,Taylor Swift,Paper Rings,219520
2020-04-04 01:01,Taylor Swift,Cornelia Street,287266
2020-04-04 01:05,Taylor Swift,Death By A Thousand Cuts,198533
2020-04-04 01:06,Taylor Swift,London Boy,106690
2020-04-04 01:08,Taylor Swift,London Boy,83873
2020-04-04 01:11,Taylor Swift,Soon You’ll Get Better (feat. The Chicks),201587
2020-04-04 01:15,Taylor Swift,False God,200307
2020-04-04 01:17,Taylor Swift,You Need To Calm Down,171360
2020-04-04 01:21,Taylor Swift,Afterglow,223293
2020-04-04 01:24,Taylor Swift,ME! (feat. Brendon Urie of Panic! At The Disco),193000
2020-04-04 01:27,Taylor Swift,It’s Nice To Have A Friend,150440
2020-04-04 01:32,Taylor Swift,Daylight,247115
2020-04-04 02:14,Taylor Swift,Daylight,1840
2020-04-04 02:14,Taylor Swift,Daylight,16630
2020-04-04 02:14,Taylor Swift,Daylight,5520
2020-04-04 02:18,Ariana Grande,imagine,210410
2020-04-04 02:20,Ariana Grande,needy,169536
2020-04-04 02:23,Ariana Grande,NASA,153840
2020-04-04 02:24,Ariana Grande,NASA,26063
2020-04-04 02:27,Ariana Grande,bloodline,214815
2020-04-04 02:28,Ariana Grande,fake smile,34159
2020-04-04 02:28,Ariana Grande,fake smile,518
2020-04-04 02:28,Ariana Grande,fake smile,15174
2020-04-04 02:31,Ariana Grande,fake smile,161577
2020-04-04 02:31,Ariana Grande,bad idea,7625
2020-04-04 02:35,Ariana Grande,bad idea,1510
2020-04-04 02:35,Ariana Grande,bad idea,10942
2020-04-04 02:35,Ariana Grande,bad idea,238708
2020-04-04 02:35,Ariana Grande,bad idea,15976
2020-04-04 02:38,Ariana Grande,make up,138634
2020-04-04 02:38,Ariana Grande,make up,1577
2020-04-04 02:42,Ariana Grande,ghostin,247459
2020-04-04 02:46,Ariana Grande,in my head,222947
2020-04-04 02:49,Ariana Grande,7 rings,178627
2020-04-04 02:52,Ariana Grande,"thank u, next",207320
2020-04-04 02:55,Ariana Grande,"break up with your girlfriend, i'm bored",190440
2020-04-04 04:04,Nicki Minaj,Roman Holiday,7492
2020-04-04 04:06,Nicki Minaj,Roman Holiday,210
2020-04-04 04:06,Nicki Minaj,Roman Holiday,90
2020-04-04 04:06,Nicki Minaj,Roman Holiday,99090
2020-04-04 04:06,Nicki Minaj,Roman Holiday,0
2020-04-04 04:06,Nicki Minaj,Roman Holiday,8270
2020-04-04 04:06,Billie Eilish,bad guy,140
2020-04-04 04:09,Billie Eilish,xanny,90
2020-04-04 04:09,Billie Eilish,bad guy,191950
2020-04-04 04:13,Billie Eilish,xanny,243725
2020-04-04 04:13,Billie Eilish,you should see me in a crown,0
2020-04-04 04:13,Billie Eilish,you should see me in a crown,50
2020-04-04 04:16,Billie Eilish,you should see me in a crown,180952
2020-04-04 04:16,Billie Eilish,all the good girls go to hell,0
2020-04-04 04:16,Billie Eilish,all the good girls go to hell,120
2020-04-04 04:19,Billie Eilish,wish you were gay,60
2020-04-04 04:19,Billie Eilish,all the good girls go to hell,168578
2020-04-04 04:23,Billie Eilish,wish you were gay,221338
2020-04-04 04:23,Billie Eilish,when the party's over,0
2020-04-04 04:23,Billie Eilish,when the party's over,60
2020-04-04 04:26,Billie Eilish,when the party's over,195861
2020-04-04 04:29,Billie Eilish,8,173019
2020-04-04 04:32,Billie Eilish,my strange addiction,163690
2020-04-04 04:32,Billie Eilish,my strange addiction,15663
2020-04-04 04:32,Billie Eilish,bury a friend,0
2020-04-04 04:35,Billie Eilish,bury a friend,192902
2020-04-04 04:35,Billie Eilish,ilomilo,0
2020-04-04 04:38,Billie Eilish,listen before i go,20
2020-04-04 04:38,Billie Eilish,listen before i go,30
2020-04-04 04:38,Billie Eilish,listen before i go,0
2020-04-04 04:38,Billie Eilish,ilomilo,156049
2020-04-04 04:42,Billie Eilish,listen before i go,242262
2020-04-04 04:42,Billie Eilish,i love you,0
2020-04-04 04:42,Billie Eilish,i love you,20
2020-04-04 04:47,Billie Eilish,goodbye,0
2020-04-04 04:47,Billie Eilish,i love you,291356
2020-04-04 04:49,Billie Eilish,goodbye,119322
2020-04-04 04:49,Billie Eilish,everything i wanted,0
2020-04-04 04:53,Lizzo,Cuz I Love You,0
2020-04-04 04:53,Billie Eilish,everything i wanted,245390
2020-04-04 05:16,Lizzo,Cuz I Love You,16500
2020-04-04 05:17,Lizzo,Cuz I Love You,90
2020-04-04 05:17,Alessia Cara,Scars To Your Beautiful,53550
2020-04-04 05:20,Lizzo,Cuz I Love You,178670
2020-04-04 05:20,Lizzo,Like a Girl,0
2020-04-04 05:23,Lizzo,Juice,0
2020-04-04 05:23,Lizzo,Like a Girl,184857
2020-04-04 05:26,Lizzo,Juice,193250
2020-04-04 05:29,Lizzo,Jerome,0
2020-04-04 05:29,Lizzo,Soulmate,175234
2020-04-04 05:33,Lizzo,Jerome,230140
2020-04-04 05:33,Lizzo,Crybaby,0
2020-04-04 05:36,Lizzo,Crybaby,175952
2020-04-04 05:36,Lizzo,Tempo (feat. Missy Elliott),0
2020-04-04 05:39,Lizzo,Tempo (feat. Missy Elliott),174290
2020-04-04 05:39,Lizzo,Exactly How I Feel (feat. Gucci Mane),0
2020-04-04 05:41,Lizzo,Exactly How I Feel (feat. Gucci Mane),143190
2020-04-04 05:41,Lizzo,Better in Color,0
2020-04-04 05:43,Lizzo,Heaven Help Me,0
2020-04-04 05:43,Lizzo,Better in Color,131480
2020-04-04 05:47,Lizzo,Lingerie,0
2020-04-04 05:47,Lizzo,Heaven Help Me,200010
2020-04-04 05:50,Lizzo,Boys,0
2020-04-04 05:50,Lizzo,Lingerie,201618
2020-04-04 05:53,Lizzo,Boys,171250
2020-04-04 05:56,Lizzo,Water Me,0
2020-04-04 05:56,Lizzo,Truth Hurts,173325
2020-04-04 05:59,Lizzo,Good as Hell,0
2020-04-04 05:59,Lizzo,Water Me,184020
2020-04-04 06:01,Lizzo,Good as Hell,150500
2020-04-04 06:02,Lizzo,Good as Hell,8151
2020-04-04 06:02,Lizzo,Truth Hurts (DaBaby Remix),4250
2020-04-04 06:02,Lizzo,Truth Hurts (DaBaby Remix),100
2020-04-04 06:02,Lizzo,Fitness,60
2020-04-04 06:03,Lizzo,Water Me,0
2020-04-04 06:03,Lizzo,Fitness,27560
2020-04-04 08:29,Lizzo,Water Me,81380
2020-04-04 16:42,Drake,Toosie Slide,70690
2020-04-04 16:45,Kiana Ledé,Cancelled.,160938
2020-04-04 16:48,Kiana Ledé,Movin.,186026
2020-04-04 16:50,Kiana Ledé,Mad At Me.,123754
2020-04-04 16:53,Kiana Ledé,Chocolate. (ft. Ari Lennox),168298
2020-04-04 16:56,Kiana Ledé,Forfeit. (ft. Lucky Daye),212437
2020-04-04 17:00,Kiana Ledé,Second Chances. (ft. 6LACK),192120
2020-04-04 17:02,Kiana Ledé,Crazy.,135760
2020-04-04 17:05,Kiana Ledé,Plenty More.,208746
2020-04-04 17:07,Kiana Ledé,Skiterlude.,109400
2020-04-04 17:10,Kiana Ledé,"Labels. (ft. Moneybagg Yo, BIA)",155666
2020-04-04 17:12,Kiana Ledé,Honest.,158133
2020-04-04 17:16,Kiana Ledé,Feel A Way.,167560
2020-04-04 17:19,Kiana Ledé,Attention.,12437
2020-04-04 17:19,Kiana Ledé,Good Girl. (ft. Col3trane),194000
2020-04-04 17:21,Kiana Ledé,Separation. (ft. Arin Ray),125930
2020-04-04 17:24,Kiana Ledé,Protection.,174122
2020-04-04 17:27,Kiana Ledé,No Takebacks.,144893
2020-04-04 17:28,Kiana Ledé,Forfeit. (ft. Lucky Daye),87658
2020-04-04 17:31,Kiana Ledé,Cancelled.,166626
2020-04-04 17:34,Kiana Ledé,Movin.,186026
2020-04-04 17:36,Kiana Ledé,Mad At Me.,135373
2020-04-04 17:39,Kiana Ledé,Chocolate. (ft. Ari Lennox),165840
2020-04-04 17:42,Russ,ALL TO YOU (feat. Kiana Ledé),184493
2020-04-04 17:46,Russ,SHOTS,129874
2020-04-04 18:19,Lorde,Green Light,234434
2020-04-04 18:22,Lorde,Sober,197199
2020-04-04 18:25,Lorde,Homemade Dynamite,189683
2020-04-04 18:30,Lorde,The Louvre,254951
2020-04-04 18:33,Lorde,Liability,171691
2020-04-04 18:39,Lorde,Hard Feelings/Loveless,367200
2020-04-04 18:45,Lorde,Sober II (Melodrama),178640
2020-04-04 18:49,Lorde,Writer In The Dark,216438
2020-04-04 18:54,Lorde,Supercut,277444
2020-04-04 18:56,Lorde,Liability (Reprise),135948
2020-04-04 19:00,Lorde,Perfect Places,221830
2020-04-04 19:02,Lorde,Sober,116934
2020-04-04 19:09,Lorde,Hard Feelings/Loveless,297154
2020-04-04 19:10,Lorde,Writer In The Dark,72145
2020-04-04 19:21,Lorde,Sober II (Melodrama),18862
2020-04-04 19:24,Jessie Reyez,DO YOU LOVE HER,196445
2020-04-04 19:27,Jessie Reyez,DEAF (who are you),172930
2020-04-04 19:30,Jessie Reyez,INTRUDERS,184948
2020-04-04 19:33,Jessie Reyez,COFFIN (feat. Eminem),156950
2020-04-04 19:34,Jessie Reyez,COFFIN (feat. Eminem),105023
2020-04-04 19:35,Jessie Reyez,ANKLES,24664
2020-04-04 19:37,Jessie Reyez,ROOF,104909
2020-04-04 19:39,Jessie Reyez,DOPE,157533
2020-04-04 19:43,Jessie Reyez,KILL US,245867
2020-04-04 19:44,Jessie Reyez,LOVE IN THE DARK,23656
2020-04-04 19:49,Frank Ocean,Nikes,314075
2020-04-04 19:53,Frank Ocean,Ivy,249191
2020-04-04 19:56,Frank Ocean,Pink + White,177517
2020-04-04 19:57,Frank Ocean,Ivy,74844
2020-04-04 19:58,Frank Ocean,Pink + White,28931
2020-04-04 20:32,Frank Ocean,Pink + White,2440
2020-04-04 20:33,Frank Ocean,Be Yourself,86943
2020-04-04 20:37,Frank Ocean,Solo,224496
2020-04-04 20:37,Frank Ocean,Pink + White,6760
2020-04-04 20:37,Frank Ocean,Ivy,13040
2020-04-04 20:41,Frank Ocean,Skyline To,184600
2020-04-04 20:45,Frank Ocean,Self Control,249667
2020-04-04 20:46,Frank Ocean,Good Guy,66786
2020-04-04 20:51,Frank Ocean,Nights,307151
2020-04-04 20:52,Frank Ocean,Solo (Reprise),78742
2020-04-04 20:55,Frank Ocean,Pretty Sweet,158478
2020-04-04 20:56,Frank Ocean,Facebook Story,68588
2020-04-04 20:57,Frank Ocean,Close To You,85754
2020-04-04 21:02,Frank Ocean,White Ferrari,248807
2020-04-04 21:07,Frank Ocean,Seigfried,5258
2020-04-04 21:07,Frank Ocean,Seigfried,328733
2020-04-04 21:10,Frank Ocean,Godspeed,177922
2020-04-04 21:16,Frank Ocean,Futura Free,365444
2020-04-04 21:19,Kiana Ledé,Cancelled.,162776
2020-04-04 21:22,Kiana Ledé,Movin.,186027
2020-04-04 21:24,Kiana Ledé,Mad At Me.,135373
2020-04-04 21:27,Kiana Ledé,Chocolate. (ft. Ari Lennox),186120
2020-04-04 21:31,Kiana Ledé,Forfeit. (ft. Lucky Daye),242400
2020-04-04 21:35,Kiana Ledé,Second Chances. (ft. 6LACK),192120
2020-04-04 21:37,Kiana Ledé,Crazy.,135760
2020-04-04 21:40,Kiana Ledé,Plenty More.,208747
2020-04-04 21:42,Kiana Ledé,Skiterlude.,109400
2020-04-04 21:45,Kiana Ledé,"Labels. (ft. Moneybagg Yo, BIA)",155667
2020-04-04 21:47,Kiana Ledé,Honest.,158133
2020-04-04 21:50,Kiana Ledé,Feel A Way.,167560
2020-04-04 21:53,Kiana Ledé,Good Girl. (ft. Col3trane),194000
2020-04-04 21:57,Kiana Ledé,Attention.,202347
2020-04-04 21:59,Kiana Ledé,Separation. (ft. Arin Ray),157613
2020-04-04 21:59,Kiana Ledé,Protection.,1447
2020-04-04 22:02,Kiana Ledé,No Takebacks.,144893
2020-04-04 22:03,Kiana Ledé,Cancelled.,5850
2020-04-04 22:05,Kiana Ledé,Cancelled.,161612
2020-04-04 22:08,Kiana Ledé,Movin.,186026
2020-04-04 22:11,Kiana Ledé,Mad At Me.,135373
2020-04-04 22:14,Kiana Ledé,Chocolate. (ft. Ari Lennox),186120
2020-04-04 22:17,Kiana Ledé,Forfeit. (ft. Lucky Daye),24903
2020-04-04 22:17,Kiana Ledé,Forfeit. (ft. Lucky Daye),198688
2020-04-04 22:21,Kiana Ledé,Second Chances. (ft. 6LACK),192120
2020-04-04 22:23,Kiana Ledé,Crazy.,135760
2020-04-04 22:23,Kiana Ledé,Plenty More.,1253
2020-04-04 22:25,Kiana Ledé,No Takebacks.,144305
2020-04-04 22:28,Kiana Ledé,No Takebacks.,144893
2020-04-04 22:30,Kiana Ledé,No Takebacks.,144893
2020-04-04 22:33,Kiana Ledé,No Takebacks.,144893
2020-04-04 22:35,Kiana Ledé,No Takebacks.,144893
2020-04-04 22:37,Kiana Ledé,No Takebacks.,144893
2020-04-04 22:37,Kiana Ledé,No Takebacks.,6167
2020-04-04 22:40,Kiana Ledé,Cancelled.,161057
2020-04-04 22:43,Kiana Ledé,Movin.,186027
2020-04-04 22:45,Kiana Ledé,Mad At Me.,135373
2020-04-04 22:49,Kiana Ledé,Chocolate. (ft. Ari Lennox),186120
2020-04-04 22:50,Kiana Ledé,Forfeit. (ft. Lucky Daye),108091
2020-04-04 22:54,Maggie Rogers,Give A Little,226720
2020-04-04 22:57,Maggie Rogers,Overnight,200347
2020-04-04 23:01,Maggie Rogers,The Knife,239333
2020-04-04 23:02,Maggie Rogers,Alaska,3813
2020-04-04 23:02,Maggie Rogers,The Knife,1604
2020-04-04 23:03,Maggie Rogers,Overnight,84118
2020-04-04 23:03,Maggie Rogers,The Knife,8125
2020-04-04 23:06,Maggie Rogers,Alaska,188000
2020-04-04 23:10,Maggie Rogers,Light On,233880
2020-04-04 23:14,Maggie Rogers,Past Life,216027
2020-04-04 23:17,Maggie Rogers,Say It,204902
2020-04-04 23:17,Maggie Rogers,Light On,14958
2020-04-04 23:18,Maggie Rogers,Alaska,9403
2020-04-04 23:18,Maggie Rogers,Give A Little,22371
2020-04-04 23:18,Maggie Rogers,Past Life,21762
2020-04-04 23:18,Maggie Rogers,Past Life,21463
2020-04-04 23:22,Maggie Rogers,On + Off,221600
2020-04-04 23:26,Maggie Rogers,Fallingwater,253038
2020-04-04 23:27,Maggie Rogers,On + Off,27223
2020-04-04 23:31,Maggie Rogers,Retrograde,251000
2020-04-04 23:34,Maggie Rogers,Burning,213173
2020-04-04 23:38,Maggie Rogers,Back In My Body,236223
2020-04-04 23:39,Maggie Rogers,Overnight,13291
2020-04-04 23:39,Maggie Rogers,Burning,24917
2020-04-04 23:39,Maggie Rogers,Retrograde,6331
2020-04-04 23:43,Maggie Rogers,Alaska,11579
2020-04-04 23:46,Sigrid,Sucker Punch,194323
2020-04-04 23:49,Sigrid,Mine Right Now,203571
2020-04-04 23:50,Sigrid,Sucker Punch,5892
2020-04-04 23:50,Sigrid,Basic,13156
2020-04-05 01:12,Sigrid,Mine Right Now,10373
2020-04-05 01:13,Sigrid,Mine Right Now,36640
2020-04-05 01:16,Sigrid,Basic,217742
2020-04-05 01:20,Sigrid,Strangers,9850
2020-04-05 01:20,Sigrid,Strangers,216777
2020-04-05 01:20,Sigrid,Sucker Punch,11660
2020-04-05 01:20,Sigrid,Basic,17570
2020-04-05 01:21,Sigrid,Strangers,22610
2020-04-05 01:21,Sigrid,Mine Right Now,20430
2020-04-05 01:24,Sigrid,Strangers,6540
2020-04-05 01:24,Sigrid,Sucker Punch,30470
2020-04-05 01:24,Sigrid,Level Up,2079
2020-04-05 01:24,Sigrid,Don’t Feel Like Crying,157010
2020-04-05 01:28,Sigrid,Level Up,135570
2020-04-05 01:32,Sigrid,Mine Right Now,12390
2020-04-05 01:32,Sigrid,Sight Of You,237785
2020-04-05 01:32,Sigrid,Sight Of You,16780
2020-04-05 01:32,Sigrid,In Vain,3274
2020-04-05 01:36,Sigrid,In Vain,247962
2020-04-05 01:40,Sigrid,Sucker Punch,810
2020-04-05 01:40,Sigrid,Mine Right Now,7070
2020-04-05 01:40,Sigrid,Sight Of You,11900
2020-04-05 01:40,Sigrid,In Vain,17380
2020-04-05 01:40,Sigrid,Don't Kill My Vibe,182867
2020-04-05 01:40,Sigrid,Basic,11670
2020-04-05 01:41,Sigrid,Sight Of You,31060
2020-04-05 01:41,Sigrid,Don’t Feel Like Crying,18010
2020-04-05 01:42,Sigrid,Don't Kill My Vibe,29960
2020-04-05 01:45,Sigrid,Business Dinners,168056
2020-04-05 01:48,Sigrid,Never Mine,185793
2020-04-05 01:48,Sigrid,Never Mine,11110
2020-04-05 01:48,Sigrid,In Vain,15520
2020-04-05 01:48,Sigrid,Basic,16620
2020-04-05 01:49,Sigrid,Mine Right Now,9810
2020-04-05 01:49,Sigrid,Never Mine,7370
2020-04-05 01:49,Sigrid,Don't Kill My Vibe,22780
2020-04-05 01:53,Sigrid,Dynamite,231573
2020-04-05 01:53,Sigrid,Sucker Punch,2086
2020-04-05 01:57,Sigrid,Sight Of You,237785
2020-04-05 02:01,Sigrid,Sight Of You,237785
2020-04-05 02:02,Sigrid,Sight Of You,20688
2020-04-05 02:05,King Princess,Tough On Myself,223506
2020-04-05 02:07,King Princess,Useless Phrases,76280
2020-04-05 02:09,King Princess,Cheap Queen,137903
2020-04-05 02:10,King Princess,Tough On Myself,39240
2020-04-05 02:13,King Princess,Ain't Together,202280
2020-04-05 02:18,King Princess,Do You Wanna See Me Crying?,105586
2020-04-05 02:21,King Princess,Homegirl,181066
2020-04-05 02:25,King Princess,Cheap Queen,10280
2020-04-05 02:25,King Princess,Prophet,245146
2020-04-05 02:27,King Princess,Ain't Together,51640
2020-04-05 02:28,King Princess,Do You Wanna See Me Crying?,54836
2020-04-05 02:29,King Princess,Homegirl,98513
2020-04-05 02:30,King Princess,Homegirl,25660
2020-04-05 02:30,King Princess,Ain't Together,12920
2020-04-05 02:30,King Princess,Do You Wanna See Me Crying?,11260
2020-04-05 02:33,King Princess,Cheap Queen,12820
2020-04-05 02:33,King Princess,Prophet,137380
2020-04-05 02:35,King Princess,"Isabel's Moment (feat. Tobias Jesso, Jr.)",133493
2020-04-05 02:38,King Princess,Trust Nobody,175876
2020-04-05 02:38,King Princess,Homegirl,10590
2020-04-05 02:38,King Princess,"Isabel's Moment (feat. Tobias Jesso, Jr.)",15640
2020-04-05 02:41,King Princess,Watching My Phone,180026
2020-04-05 02:44,King Princess,You Destroyed My Heart,155603
2020-04-05 02:45,King Princess,Homegirl,9280
2020-04-05 02:45,King Princess,Watching My Phone,44300
2020-04-05 02:45,King Princess,Watching My Phone,6920
2020-04-05 02:45,King Princess,"Isabel's Moment (feat. Tobias Jesso, Jr.)",9830
2020-04-05 02:46,King Princess,Trust Nobody,20450
2020-04-05 02:48,King Princess,You Destroyed My Heart,144820
2020-04-05 02:48,King Princess,Homegirl,28060
2020-04-05 02:49,King Princess,Ain't Together,16260
2020-04-05 02:49,King Princess,"Isabel's Moment (feat. Tobias Jesso, Jr.)",15390
2020-04-05 02:50,King Princess,Trust Nobody,34000
2020-04-05 02:50,King Princess,Cheap Queen,14320
2020-04-05 02:50,King Princess,Prophet,31790
2020-04-05 02:51,King Princess,You Destroyed My Heart,14770
2020-04-05 02:51,King Princess,Watching My Phone,17840
2020-04-05 02:53,King Princess,Do You Wanna See Me Crying?,9140
2020-04-05 02:53,King Princess,Hit the Back,137490
2020-04-05 02:57,King Princess,If You Think It's Love,203946
2020-04-05 02:57,King Princess,Tough On Myself,22773
2020-04-05 02:58,King Princess,If You Think It's Love,24160
2020-04-05 03:00,Kiana Ledé,Cancelled.,166626
2020-04-05 03:01,Kiana Ledé,Movin.,42613
2020-04-05 03:03,Kiana Ledé,Movin.,143367
2020-04-05 03:06,Kiana Ledé,Mad At Me.,135373
2020-04-05 03:09,Kiana Ledé,Chocolate. (ft. Ari Lennox),186120
2020-04-05 03:13,Kiana Ledé,Forfeit. (ft. Lucky Daye),242400
2020-04-05 03:16,Kiana Ledé,Second Chances. (ft. 6LACK),192120
2020-04-05 03:18,Kiana Ledé,Crazy.,135760
2020-04-05 03:22,Kiana Ledé,Plenty More.,208747
2020-04-05 03:24,Kiana Ledé,Skiterlude.,109400
2020-04-05 03:26,Kiana Ledé,"Labels. (ft. Moneybagg Yo, BIA)",155667
2020-04-05 03:29,Kiana Ledé,Honest.,158133
2020-04-05 03:32,Kiana Ledé,Feel A Way.,167560
2020-04-05 03:35,Kiana Ledé,Good Girl. (ft. Col3trane),194000
2020-04-05 03:38,Kiana Ledé,Attention.,202347
2020-04-05 03:41,Kiana Ledé,Separation. (ft. Arin Ray),157613
2020-04-05 03:45,Kiana Ledé,Protection.,232973
2020-04-05 03:49,Kiana Ledé,No Takebacks.,282958
2020-04-05 03:52,Kiana Ledé,Cancelled.,166627
2020-04-05 03:55,Kiana Ledé,Movin.,138563
2020-04-05 03:58,Jessie Reyez,DO YOU LOVE HER,196493
2020-04-05 03:59,Jessie Reyez,COFFIN (feat. Eminem),1277
2020-04-05 03:59,Jessie Reyez,DEAF (who are you),54066
2020-04-05 04:00,Jessie Reyez,INTRUDERS,73551
2020-04-05 04:00,Jessie Reyez,INTRUDERS,4166
2020-04-05 04:02,Jessie Reyez,INTRUDERS,108631
2020-04-05 04:06,Jessie Reyez,COFFIN (feat. Eminem),261773
2020-04-05 04:07,Jessie Reyez,ANKLES,58305
2020-04-05 04:11,Jessie Reyez,IMPORTED (with 6LACK),225213
2020-04-05 04:14,Jessie Reyez,LA MEMORIA,197733
2020-04-05 04:17,Jessie Reyez,SAME SIDE,190346
2020-04-05 05:10,Jessie Reyez,ROOF,34746
2020-04-05 05:11,Niall Horan,No Judgement,500
2020-04-05 05:14,Niall Horan,No Judgement,176283
2020-04-05 05:17,Niall Horan,No Judgement,176283
2020-04-05 05:20,Niall Horan,No Judgement,176283
2020-04-05 05:22,Niall Horan,No Judgement,112830
2020-04-05 05:26,Jhené Aiko,B.S. (feat. H.E.R.),212866
2020-04-05 05:29,Kehlani,All Me (feat. Keyshia Cole),178347
2020-04-05 05:32,Mahalia,What You Did (feat. Ella Mai),206946
2020-04-05 05:35,Ella Mai,Shot Clock,201609
2020-04-05 05:39,Summer Walker,Girls Need Love (with Drake) - Remix,222374
2020-04-05 05:44,SZA,Love Galore (feat. Travis Scott),275080
2020-04-05 05:48,Beyoncé,Party (feat. André 3000),245480
2020-04-05 05:51,Normani,Waves (feat. 6LACK),215670
2020-04-05 05:55,H.E.R.,Hard Place - Single Version,210303
2020-04-05 05:58,Asiahn,Like You,184032
2020-04-05 06:02,Ari Lennox,Shea Butter Baby (with J. Cole),210590
2020-04-05 06:06,Rihanna,Umbrella,275986
2020-04-05 06:10,Sevyn Streeter,Before I Do,237037
2020-04-05 06:13,Queen Naija,Karma,176075
2020-04-05 06:17,Mary J. Blige,My Life,214048
2020-04-05 08:30,Jessie Reyez,DO YOU LOVE HER,196493
2020-04-05 16:07,Jessie Reyez,DEAF (who are you),112607
2020-04-05 16:10,Niall Horan,No Judgement,176283
2020-04-05 16:11,Niall Horan,San Francisco,76436
2020-04-05 16:14,Tayla Parx,Slow Dancing,144517
2020-04-05 16:17,Tayla Parx,Me vs. Us,197324
2020-04-05 16:18,Tayla Parx,What Can I Say - Interlude,90655
2020-04-05 16:21,Tayla Parx,Afraid To Fall,119963
2020-04-05 16:22,Tayla Parx,Disconnected (feat. Cautious Clay),76994
2020-04-05 16:26,Tayla Parx,Read Your Mind (feat. DUCKWRTH),245030
2020-04-05 16:26,Tayla Parx,Rebound (feat. Joey Bada$$),3325
2020-04-05 16:29,Tayla Parx,I Want You,185373
2020-04-05 16:32,Tayla Parx,Homiesexual,167792
2020-04-05 16:34,Tayla Parx,Slow Dancing,144517
2020-04-05 16:37,Tayla Parx,Me vs. Us,197324
2020-04-05 16:50,Doja Cat,Won't Bite,14400
2020-04-05 16:50,Tayla Parx,What Can I Say - Interlude,5471
2020-04-05 16:54,The Weeknd,Hardest To Love,211400
2020-04-05 16:57,The Weeknd,Scared To Live,191306
2020-04-05 17:01,The Weeknd,Snowchild,247186
2020-04-05 17:06,The Weeknd,Escape From LA,300464
2020-04-05 17:10,The Weeknd,Save Your Tears,10480
2020-04-05 17:10,The Weeknd,In Your Eyes,237520
2020-04-05 17:14,The Weeknd,Save Your Tears,203680
2020-04-05 17:17,The Weeknd,Repeat After Me (Interlude),195813
2020-04-05 17:18,The Weeknd,After Hours,86416
2020-04-05 17:19,Kiana Ledé,Cancelled.,33070
2020-04-05 17:21,Kiana Ledé,Cancelled.,133854
2020-04-05 17:24,Kiana Ledé,Movin.,186027
2020-04-05 17:27,Kiana Ledé,Mad At Me.,135373
2020-04-05 17:30,Kiana Ledé,Chocolate. (ft. Ari Lennox),186120
2020-04-05 17:34,Kiana Ledé,Forfeit. (ft. Lucky Daye),242400
2020-04-05 17:37,Kiana Ledé,Second Chances. (ft. 6LACK),192120
2020-04-05 17:39,Kiana Ledé,Crazy.,135760
2020-04-05 17:43,Kiana Ledé,Plenty More.,208747
2020-04-05 17:44,Kiana Ledé,Skiterlude.,95200
2020-04-05 17:47,Kiana Ledé,"Labels. (ft. Moneybagg Yo, BIA)",155667
2020-04-05 17:49,Kiana Ledé,Honest.,158133
2020-04-05 17:52,Kiana Ledé,Feel A Way.,167560
2020-04-05 17:56,Kiana Ledé,Good Girl. (ft. Col3trane),194000
2020-04-05 17:59,Kiana Ledé,Attention.,202347
2020-04-05 18:02,Kiana Ledé,Separation. (ft. Arin Ray),157613
2020-04-05 18:05,Kiana Ledé,Protection.,232973
2020-04-05 18:08,Kiana Ledé,No Takebacks.,144893
2020-04-05 18:35,Kiana Ledé,Cancelled.,7245
2020-04-05 18:38,Kiana Ledé,Movin.,186027
2020-04-05 18:40,Kiana Ledé,Mad At Me.,135373
2020-04-05 20:09,Kiana Ledé,Chocolate. (ft. Ari Lennox),75773
2020-04-05 20:11,Kiana Ledé,Chocolate. (ft. Ari Lennox),110347
2020-04-05 20:15,Kiana Ledé,Forfeit. (ft. Lucky Daye),242400
2020-04-05 20:18,Kiana Ledé,Second Chances. (ft. 6LACK),192120
2020-04-05 20:20,Kiana Ledé,Crazy.,135760
2020-04-05 20:24,Kiana Ledé,Plenty More.,208746
2020-04-05 20:26,Kiana Ledé,Skiterlude.,109400
2020-04-05 20:28,Kiana Ledé,"Labels. (ft. Moneybagg Yo, BIA)",155666
2020-04-05 20:31,Kiana Ledé,Honest.,158133
2020-04-05 20:34,Kiana Ledé,Feel A Way.,167560
2020-04-05 20:37,Kiana Ledé,Good Girl. (ft. Col3trane),194000
2020-04-05 20:40,Kiana Ledé,Attention.,202346
2020-04-05 20:43,Kiana Ledé,Separation. (ft. Arin Ray),157613
2020-04-05 20:47,Kiana Ledé,Protection.,232973
2020-04-05 20:49,Kiana Ledé,No Takebacks.,144893
2020-04-05 20:53,Kiana Ledé,Heavy,216066
2020-04-05 20:57,Teyana Taylor,Morning,253946
2020-04-05 21:00,Snoh Aalegra,Toronto,177056
2020-04-05 21:03,Summer Walker,I'll Kill You (feat. Jhené Aiko),179973
2020-04-05 21:06,UMI,Remember Me,199226
2020-04-05 21:06,Kehlani,All Me (feat. Keyshia Cole),5229
2020-04-05 21:10,SZA,The Other Side (from Trolls World Tour),188186
2020-04-05 21:12,Kiana Ledé,Bouncin (feat. Offset),172493
2020-04-05 21:16,Ella Mai,Trip,213993
2020-04-05 21:18,Summer Walker,Session 32,98026
2020-04-05 21:22,Alina Baraz,To Me,257227
2020-04-05 21:26,Kehlani,RPG (feat. 6lack),236218
2020-04-05 21:27,Kiana Ledé,White Iverson,92312
2020-04-05 21:31,Ella Mai,Gut Feeling (feat. H.E.R.),236384
2020-04-05 21:35,dvsn,A Muse,222089
2020-04-05 21:39,Mahalia,What You Did (feat. Ella Mai),206946
2020-04-05 21:39,Kehlani,Honey,10102
2020-04-05 21:42,Kehlani,Honey,189418
2020-04-05 21:44,Kiana Ledé,I Choose You - Acoustic,153840
2020-04-05 21:48,Jhené Aiko,Speak,185240
2020-04-05 21:51,Ella Mai,Naked - Bonus Track,197183
2020-04-05 21:54,Victoria Monét,Ass Like That,199852
2020-04-05 21:59,Deniece Williams,Free,285315
2020-04-05 22:03,Alicia Keys,Raise A Man,217945
2020-04-05 22:05,Nina Simone,Feeling Good,131643
2020-04-05 22:07,Aretha Franklin,(You Make Me Feel Like) A Natural Woman,160454
2020-04-05 22:11,Jill Scott,A Long Walk,235292
2020-04-05 22:16,OneRepublic,Counting Stars,257840
2020-04-05 22:19,OneRepublic,Love Runs Out,224227
2020-04-05 22:23,OneRepublic,If I Lose Myself,241640
2020-04-05 22:26,OneRepublic,Feel Again,185080
2020-04-05 22:30,OneRepublic,What You Wanted,241107
2020-04-05 22:34,OneRepublic,I Lived,234547
2020-04-05 22:39,OneRepublic,Light It Up,250200
2020-04-05 22:43,OneRepublic,Can’t Stop,249573
2020-04-05 22:48,OneRepublic,Au Revoir,290480
2020-04-05 22:52,OneRepublic,Burning Bridges,257573
2020-04-05 22:56,OneRepublic,Something I Need,241267
2020-04-05 23:00,OneRepublic,Preacher,247987
2020-04-05 23:02,OneRepublic,Don't Look Down,99760
2020-04-05 23:05,OneRepublic,Life In Color,202840
2020-04-05 23:08,Imagine Dragons,Tiptoe,4420
2020-04-05 23:08,Imagine Dragons,Radioactive,186813
2020-04-05 23:11,Imagine Dragons,Tiptoe,189197
2020-04-05 23:15,Imagine Dragons,It's Time,237986
2020-04-05 23:18,Imagine Dragons,Demons,175200
2020-04-05 23:21,Imagine Dragons,On Top Of The World,189840
2020-04-05 23:25,Imagine Dragons,Amsterdam,241426
2020-04-05 23:29,Imagine Dragons,Hear Me,232240
2020-04-05 23:33,Imagine Dragons,Every Night,215533
2020-04-05 23:37,Imagine Dragons,Bleeding Out,221053
2020-04-05 23:40,Imagine Dragons,Underdog,206706
2020-04-05 23:49,Imagine Dragons,Nothing Left To Say / Rocks,536080
2020-04-05 23:53,Imagine Dragons,Cha-Ching (Till We Grow Older),248800
2020-04-05 23:57,Bastille,Pompeii,214147
2020-04-06 00:01,Bastille,Things We Lost In The Fire,240746
2020-04-06 00:04,Bastille,Bad Blood,212613
2020-04-06 00:08,Bastille,Overjoyed,206253
2020-04-06 00:11,Bastille,These Streets,175146
2020-04-06 00:12,Bastille,"Weight Of Living, Pt. II",70569
2020-04-06 00:15,Tayla Parx,I Want You,185373
2020-04-06 00:18,Tayla Parx,Homiesexual,167792
2020-04-06 00:20,Tayla Parx,Slow Dancing,144517
2020-04-06 00:23,Tayla Parx,Me vs. Us,197324
2020-04-06 00:25,Tayla Parx,What Can I Say - Interlude,90655
2020-04-06 00:27,Tayla Parx,Afraid To Fall,130213
2020-04-06 00:28,Tayla Parx,Happy Birthday - Interlude,51666
2020-04-06 00:30,Tayla Parx,We Need To Talk,130391
2020-04-06 00:31,Tayla Parx,Disconnected (feat. Cautious Clay),76994
2020-04-06 00:35,Tayla Parx,Read Your Mind (feat. DUCKWRTH),245030
2020-04-06 00:39,Tayla Parx,Rebound (feat. Joey Bada$$),241538
2020-04-06 00:41,Tayla Parx,What Do You Know - Interlude,101421
2020-04-06 00:44,Tayla Parx,Dirt,157223
2020-04-06 00:45,Tayla Parx,Tomboys Have Feelings Too - Interlude,84889
2020-04-06 00:49,The Weeknd,Alone Again,2180
2020-04-06 00:49,Tayla Parx,Bump That,41700
2020-04-06 00:49,Tayla Parx,Easy,204561
2020-04-06 00:50,The Weeknd,Alone Again,13028
2020-04-06 00:53,Jessie Reyez,DO YOU LOVE HER,196493
2020-04-06 00:56,Jessie Reyez,DEAF (who are you),173067
2020-04-06 00:59,Jessie Reyez,INTRUDERS,185067
2020-04-06 01:03,Jessie Reyez,COFFIN (feat. Eminem),261773
2020-04-06 01:06,Jessie Reyez,ANKLES,169240
2020-04-06 01:10,Jessie Reyez,IMPORTED (with 6LACK),225213
2020-04-06 01:13,Jessie Reyez,LA MEMORIA,197733
2020-04-06 01:16,Jessie Reyez,SAME SIDE,190347
2020-04-06 01:18,Jessie Reyez,ROOF,105707
2020-04-06 01:21,Jessie Reyez,DOPE,157533
2020-04-06 01:25,Jessie Reyez,KILL US,245867
2020-04-06 02:13,Jessie Reyez,LOVE IN THE DARK,14466
2020-04-06 02:17,Jessie Reyez,LOVE IN THE DARK,225227
2020-04-06 02:21,Jessie Reyez,I DO,232333
2020-04-06 02:25,Jessie Reyez,FIGURES,238266
2020-04-06 02:27,Jessie Reyez,No Sweat,137306
2020-04-06 02:29,Sabrina Claudio,Frozen,105493
2020-04-06 02:32,Sabrina Claudio,Truth Is (Spanish Version),213843
2020-04-06 02:36,Sabrina Claudio,Come Here,206116
2020-04-06 02:39,Solange,Naive,212795
2020-04-06 02:44,Solange,Where Do We Go,264373
2020-04-06 02:47,Little Dragon,Where You Belong,207037
2020-04-06 02:50,Teyana Taylor,Issues/Hold On,185979
2020-04-06 02:52,Steve Lacy,C U Girl,129697
2020-04-06 02:53,Solange,I'm a Witness,25061
2020-04-06 02:58,Kelela,LMK_WHAT’S REALLY GOOD REMIX_ FEAT_PRINCESS NOKIA_JUNGLEPUSSY_CUPCAKKE_MS. BOOGIE_100 BPM,320833
2020-04-06 03:03,Raveena,Headaches,311536
2020-04-06 03:04,Ari Lennox,New Apartment,48199
2020-04-06 03:09,OneRepublic,Counting Stars,257840
2020-04-06 03:10,OneRepublic,Love Runs Out,62120
2020-04-06 03:13,OneRepublic,If I Lose Myself,222220
2020-04-06 03:16,OneRepublic,Feel Again,149980
2020-04-06 03:17,OneRepublic,What You Wanted,95400
2020-04-06 03:18,OneRepublic,Feel Again,7880
2020-04-06 03:19,OneRepublic,If I Lose Myself,11150
2020-04-06 03:19,OneRepublic,I Lived,103740
2020-04-06 03:20,OneRepublic,Light It Up,30040
2020-04-06 03:23,OneRepublic,Can’t Stop,8480
2020-04-06 03:23,OneRepublic,Can’t Stop,167530
2020-04-06 03:23,OneRepublic,Feel Again,34460
2020-04-06 03:28,OneRepublic,Au Revoir,262853
2020-04-06 03:31,OneRepublic,I Lived,10460
2020-04-06 03:31,OneRepublic,Burning Bridges,203786
2020-04-06 03:32,OneRepublic,Feel Again,23930
2020-04-06 03:32,OneRepublic,What You Wanted,11350
2020-04-06 03:32,OneRepublic,Au Revoir,9710
2020-04-06 03:36,OneRepublic,Something I Need,225550
2020-04-06 03:40,OneRepublic,If I Lose Myself,11940
2020-04-06 03:40,OneRepublic,Can’t Stop,22430
2020-04-06 03:40,OneRepublic,Burning Bridges,15800
2020-04-06 03:40,OneRepublic,Preacher,216130
2020-04-06 03:42,OneRepublic,Don't Look Down,99760
2020-04-06 03:42,OneRepublic,Life In Color,720
2020-04-06 03:44,OneRepublic,Don't Look Down,137080
2020-04-06 03:46,OneRepublic,I Lived,10990
2020-04-06 03:46,OneRepublic,Life In Color,98020
2020-04-06 03:47,OneRepublic,Don't Look Down,24460
2020-04-06 03:50,Imagine Dragons,Radioactive,186813
2020-04-06 03:53,Imagine Dragons,Tiptoe,193000
2020-04-06 03:56,Imagine Dragons,It's Time,202756
2020-04-06 03:57,Imagine Dragons,Tiptoe,32540
2020-04-06 03:57,Imagine Dragons,It's Time,8470
2020-04-06 04:00,Imagine Dragons,Demons,175200
2020-04-06 04:03,Imagine Dragons,On Top Of The World,189840
2020-04-06 04:07,Imagine Dragons,On Top Of The World,10210
2020-04-06 04:07,Imagine Dragons,Amsterdam,218860
2020-04-06 04:11,Imagine Dragons,Hear Me,235040
2020-04-06 04:12,Imagine Dragons,It's Time,81640
2020-04-06 04:32,Imagine Dragons,Tiptoe,85090
2020-04-06 04:32,Imagine Dragons,Hear Me,17510
2020-04-06 04:34,Imagine Dragons,Amsterdam,99060
2020-04-06 04:35,Imagine Dragons,On Top Of The World,32540
2020-04-06 04:36,Imagine Dragons,Hear Me,65550
2020-04-06 04:39,Imagine Dragons,Every Night,215533
2020-04-06 04:39,Imagine Dragons,Bleeding Out,4546
2020-04-06 04:40,Imagine Dragons,It's Time,23120
2020-04-06 04:41,Imagine Dragons,Tiptoe,65920
2020-04-06 04:41,Imagine Dragons,Every Night,10170
2020-04-06 04:45,Imagine Dragons,Bleeding Out,221053
2020-04-06 04:48,Imagine Dragons,Underdog,206706
2020-04-06 04:57,Imagine Dragons,Nothing Left To Say / Rocks,536080
2020-04-06 05:01,Imagine Dragons,Cha-Ching (Till We Grow Older),248800
2020-04-06 05:16,Bastille,Pompeii,181510
2020-04-06 05:17,Imagine Dragons,Bleeding Out,93460
2020-04-06 05:19,Imagine Dragons,Nothing Left To Say / Rocks,124000
2020-04-06 05:20,Imagine Dragons,Amsterdam,28450
2020-04-06 05:23,Imagine Dragons,Cha-Ching (Till We Grow Older),212880
2020-04-06 05:25,Imagine Dragons,It's Time,98610
2020-04-06 06:55,Imagine Dragons,Tiptoe,121040
2020-04-06 16:13,Imagine Dragons,Bleeding Out,37080
2020-04-06 16:16,Bastille,Pompeii,214147
2020-04-06 16:17,Bastille,Things We Lost In The Fire,21282
2020-04-06 16:20,Bastille,Things We Lost In The Fire,214645
2020-04-06 16:24,Bastille,Bad Blood,212613
2020-04-06 16:27,Bastille,Overjoyed,206253
2020-04-06 16:30,Bastille,These Streets,175147
2020-04-06 16:30,Bastille,These Streets,3924
2020-04-06 16:30,Bastille,"Weight Of Living, Pt. II",21410
2020-04-06 16:31,Bastille,Bad Blood,13635
2020-04-06 16:31,Bastille,These Streets,22070
2020-04-06 16:31,Bastille,Things We Lost In The Fire,12621
2020-04-06 16:31,Bastille,Overjoyed,11280
2020-04-06 16:33,Bastille,"Weight Of Living, Pt. II",128337
2020-04-06 16:34,Bastille,"Weight Of Living, Pt. II",46688
2020-04-06 16:38,Bastille,Icarus,225040
2020-04-06 16:44,Bastille,Oblivion,196346
2020-04-06 16:47,Bastille,Flaws,204616
2020-04-06 16:48,Bastille,Things We Lost In The Fire,26140
2020-04-06 16:51,Bastille,Daniel In The Den,178260
2020-04-06 16:54,Bastille,Laura Palmer,178360
2020-04-06 16:56,Bastille,"Weight Of Living, Pt. I",6820
2020-04-06 16:56,Bastille,Get Home,129510
2020-04-06 16:57,Bastille,These Streets,27520
2020-04-06 16:57,Bastille,Of The Night,2570
2020-04-06 16:59,Bastille,"Weight Of Living, Pt. I",131210
2020-04-06 17:00,Bastille,"Weight Of Living, Pt. II",32010
2020-04-06 17:04,Imagine Dragons,I Bet My Life - Bastille Remix,30222
2020-04-06 17:04,Bastille,Of The Night,214205
2020-04-06 18:39,Taylor Swift,Sad Beautiful Tragic,9820
2020-04-06 18:39,Taylor Swift,Christmas Tree Farm,228026
2020-04-06 18:42,Taylor Swift,Lover (Remix) [feat. Shawn Mendes],221306
2020-04-06 18:43,Taylor Swift,Should've Said No,11820
2020-04-06 18:46,Taylor Swift,"Beautiful Ghosts - From The Motion Picture Soundtrack ""Cats""",229930
2020-04-06 18:49,Taylor Swift,Only The Young - Featured in Miss Americana,147400
2020-04-06 18:52,Ariana Grande,7 rings (feat. 2 Chainz) - Remix,178640
2020-04-06 18:52,Ariana Grande,R.E.M,29970
2020-04-06 18:55,Ariana Grande,boyfriend (with Social House),150580
2020-04-06 18:57,Ariana Grande,Don’t Call Me Angel (Charlie’s Angels) (with Miley Cyrus & Lana Del Rey),170
2020-04-06 18:57,Ariana Grande,MONOPOLY (with Victoria Monét),128800
2020-04-06 19:00,Ariana Grande,Don’t Call Me Angel (Charlie’s Angels) (with Miley Cyrus & Lana Del Rey),154620
2020-04-06 19:02,Ariana Grande,Bad To You (with Normani & Nicki Minaj),162950
2020-04-06 19:03,Billie Eilish,!!!!!!!,13578
2020-04-06 19:03,Billie Eilish,bad guy,21981
2020-04-06 19:06,Billie Eilish,when the party's over,10550
2020-04-06 19:06,Billie Eilish,bad guy (with Justin Bieber),194839
2020-04-06 19:10,Billie Eilish,No Time To Die,242265
2020-04-06 19:15,Billie Eilish,i love you,290610
2020-04-06 19:18,Billie Eilish,bitches broken hearts,176471
2020-04-06 19:22,Billie Eilish,xanny,243725
2020-04-06 19:27,Khalid,Right Back (feat. A Boogie Wit Da Hoodie),254999
2020-04-06 19:29,Doja Cat,Like That (feat. Gucci Mane),163173
2020-04-06 19:33,Halsey,Still Learning,200981
2020-04-06 19:37,Billie Eilish,WHEN I WAS OLDER - Music Inspired By The Film ROMA,252324
2020-04-06 19:40,Billie Eilish,idontwannabeyouanymore,178400
2020-04-06 19:44,Billie Eilish,come out and play,210375
2020-04-06 19:44,Billie Eilish,when the party's over,3880
2020-04-06 19:44,Lizzo,Truth Hurts - CID Remix,41060
2020-04-06 19:47,Lizzo,Truth Hurts (DaBaby Remix),146070
2020-04-06 19:49,Lizzo,Good as Hell (feat. Ariana Grande) - Remix,125680
2020-04-06 19:51,Lizzo,Fitness,135990
2020-04-06 19:55,Katy Perry,Never Really Over,223523
2020-04-06 19:58,Katy Perry,Roar,149830
2020-04-06 19:58,Kiana Ledé,Cancelled.,9880
2020-04-06 20:00,Kiana Ledé,Cancelled.,156354
2020-04-06 20:03,Kiana Ledé,Movin.,186027
2020-04-06 20:06,Kiana Ledé,Mad At Me.,135373
2020-04-06 20:08,Kiana Ledé,Chocolate. (ft. Ari Lennox),138977
2020-04-06 20:11,Kiana Ledé,Forfeit. (ft. Lucky Daye),208958
2020-04-06 20:15,Kiana Ledé,Second Chances. (ft. 6LACK),192120
2020-04-06 20:17,Kiana Ledé,Crazy.,121003
2020-04-06 20:19,Kiana Ledé,Plenty More.,143884
2020-04-06 20:20,Kiana Ledé,Skiterlude.,77367
2020-04-06 20:23,Kiana Ledé,"Labels. (ft. Moneybagg Yo, BIA)",155667
2020-04-06 20:25,Kiana Ledé,Honest.,141248
2020-04-06 20:28,Kiana Ledé,Feel A Way.,142334
2020-04-06 20:31,Kiana Ledé,Good Girl. (ft. Col3trane),194000
2020-04-06 20:34,Kiana Ledé,Attention.,202347
2020-04-06 20:37,Kiana Ledé,Separation. (ft. Arin Ray),157613
2020-04-06 20:41,Kiana Ledé,Protection.,232973
2020-04-06 20:43,Kiana Ledé,No Takebacks.,144893
2020-04-06 20:47,Smokey Robinson & The Miracles,Ooo Baby Baby,163385
2020-04-06 20:50,Sam Cooke,You Send Me,162467
2020-04-06 20:52,Aretha Franklin,You Send Me,149627
2020-04-06 20:55,Marvin Gaye,Wholy Holy,187587
2020-04-06 20:56,Donny Hathaway,I Love You More Than You'll Ever Know,47496
2020-04-06 20:59,Marvin Gaye,Ain't No Mountain High Enough,151127
2020-04-06 21:03,Marvin Gaye,Sexual Healing,238600
2020-04-06 21:06,Marvin Gaye,I Heard It Through The Grapevine,194293
2020-04-06 21:10,Marvin Gaye,What's Going On,232600
2020-04-06 21:14,Marvin Gaye,Let's Get It On,290933
2020-04-06 21:15,Marvin Gaye,Sexual Healing,50917
2020-04-06 21:15,Marvin Gaye,Sexual Healing - Kygo Remix,9122
2020-04-06 21:18,Doja Cat,Cyber Sex,165733
2020-04-06 21:21,Doja Cat,Won't Bite,195213
2020-04-06 21:25,Doja Cat,Rules,187040
2020-04-06 21:28,Doja Cat,Bottom Bitch,197933
2020-04-06 21:32,Doja Cat,Say So,237893
2020-04-06 21:35,Doja Cat,Like That (feat. Gucci Mane),163173
2020-04-06 21:39,Doja Cat,Talk Dirty,241480
2020-04-06 21:42,Doja Cat,Addiction,208480
2020-04-06 21:46,Doja Cat,Streets,226987
2020-04-06 21:49,Doja Cat,Shine,160133
2020-04-06 21:52,Doja Cat,Better Than Me,202373
2020-04-06 21:55,Doja Cat,Better Than Me,202373
2020-04-06 21:59,Doja Cat,Better Than Me,202373
2020-04-06 22:02,Doja Cat,Better Than Me,202373
2020-04-06 22:04,Doja Cat,Better Than Me,141627
2020-04-06 22:08,Jessie Reyez,DO YOU LOVE HER,196493
2020-04-06 22:11,Jessie Reyez,DEAF (who are you),173067
2020-04-06 22:13,Jessie Reyez,INTRUDERS,158708
2020-04-06 22:18,Jessie Reyez,COFFIN (feat. Eminem),260783
2020-04-06 22:20,Jessie Reyez,ANKLES,169240
2020-04-06 22:24,Jessie Reyez,IMPORTED (with 6LACK),225213
2020-04-06 22:27,Jessie Reyez,LA MEMORIA,197733
2020-04-06 22:30,Snoh Aalegra,Situationship,11371
2020-04-06 22:30,Jessie Reyez,SAME SIDE,169994
2020-04-06 22:34,VanJess,Control Me,193165
2020-04-06 22:39,QUIN,Lucid (feat. Infinity),336295
2020-04-06 22:44,QUIN,7th Heaven,284921
2020-04-06 22:48,QUIN,Calling,214503
2020-04-06 22:51,QUIN,Mushroom Chocolate (with 6LACK),226031
2020-04-06 22:55,QUIN,Fairy Love,200266
2020-04-06 23:01,QUIN,Into You,360343
2020-04-06 23:06,QUIN,Fav (feat. 6LACK),5395
2020-04-06 23:06,QUIN,Fav (feat. 6LACK),302270
2020-04-06 23:06,VanJess,Touch the Floor (feat. Masego),8362
2020-04-06 23:07,QUIN,Mushroom Chocolate (with 6LACK),36150
2020-04-06 23:07,VanJess,Touch the Floor (feat. Masego),45174
2020-04-06 23:10,Olivia Nelson,Summertime,177802
2020-04-06 23:13,Olivia Nelson,Cherry Chapstick,173582
2020-04-06 23:16,Olivia Nelson,Keeper,178810
2020-04-06 23:18,Olivia Nelson,Back To You,120645
2020-04-06 23:22,Olivia Nelson,Back To You,215794
2020-04-06 23:24,Olivia Nelson,Everything,143203
2020-04-06 23:27,Olivia Nelson,No Answer,164058
2020-04-06 23:30,Olivia Nelson,Everything,27437
2020-04-06 23:30,Olivia Nelson,No Answer,180430
2020-04-06 23:37,Kiana Ledé,Cancelled.,2129
2020-04-06 23:38,Aeris Roves,Colours - Introlude,77987
2020-04-06 23:41,Aeris Roves,Delilah,187253
2020-04-06 23:45,Aeris Roves,Comfortable - Demo,209253
2020-04-06 23:47,Aeris Roves,Pressure When the Sun Comes Down,128760
2020-04-06 23:50,Aeris Roves,Running Thru 3AM,209747
2020-04-06 23:52,Aeris Roves,Be the One - Demo,6976
2020-04-06 23:52,Aeris Roves,Take Some Time - Instrumental,76760
2020-04-06 23:52,Aeris Roves,Comfortable - Demo,14118
2020-04-06 23:52,Aeris Roves,Delilah,22282
2020-04-06 23:53,Aeris Roves,Delilah,48935
2020-04-06 23:54,Aeris Roves,Running Thru 3AM,25953
2020-04-06 23:54,Aeris Roves,Pressure When the Sun Comes Down,60201
2020-04-06 23:54,Aeris Roves,Take Some Time - Instrumental,8032
2020-04-06 23:54,Aeris Roves,Delilah,21998
2020-04-06 23:57,Aeris Roves,Be the One - Demo,143160
2020-04-07 00:00,Aeris Roves,Feel Me,186960
2020-04-07 01:14,Bastille,Of The Night,48374
2020-04-07 02:29,Aeris Roves,Feel Me,2990
2020-04-07 02:29,Aeris Roves,Be the One - Demo,143160
2020-04-07 02:32,Aeris Roves,Running Thru 3AM,179386
2020-04-07 02:33,Aeris Roves,Take Some Time - Instrumental,76760
2020-04-07 02:35,Aeris Roves,Feel Me,1303
2020-04-07 02:35,Aeris Roves,Be the One - Demo,143160
2020-04-07 02:35,Aeris Roves,Take Some Time - Instrumental,760
2020-04-07 02:36,Aeris Roves,Running Thru 3AM,16860
2020-04-07 02:39,Aeris Roves,Comfortable - Demo,203730
2020-04-07 02:40,Aeris Roves,Be the One - Demo,79980
2020-04-07 02:44,Aeris Roves,Feel Me,186960
2020-04-07 02:44,Aeris Roves,No Guarantee - Acoustic Version,2340
2020-04-07 02:46,Aeris Roves,Comfortable - Demo,11510
2020-04-07 02:46,Aeris Roves,Delilah,127839
2020-04-07 02:49,Aeris Roves,No Guarantee - Acoustic Version,203653
2020-04-07 02:53,Aeris Roves,Credits,9810
2020-04-07 02:53,Aeris Roves,Best Dressed Man,199226
2020-04-07 02:54,Aeris Roves,Pressure When the Sun Comes Down,44040
2020-04-07 02:56,Aeris Roves,Credits,130320
2020-04-07 02:59,Aeris Roves,Offline,185720
2020-04-07 03:02,Lauren Jauregui,Lento,173548
2020-04-07 03:05,Lauren Jauregui,Lento,173548
2020-04-07 03:07,Lauren Jauregui,Lento,156063
2020-04-07 03:10,Tainy,NADA (with Lauren Jauregui & C. Tangana),188690
2020-04-07 03:14,Lauren Jauregui,Expectations,204066
2020-04-07 03:17,Lauren Jauregui,Invisible Chains,200105
2020-04-07 03:18,Lauren Jauregui,More Than That,27676
2020-04-07 03:21,Snoh Aalegra,I Want You Around,212787
2020-04-07 03:25,Snoh Aalegra,Situationship,215293
2020-04-07 03:28,Snoh Aalegra,Whoa,184339
2020-04-07 03:31,Snoh Aalegra,Find Someone Like You,206465
2020-04-07 03:34,Snoh Aalegra,Toronto,177056
2020-04-07 03:40,Snoh Aalegra,Love Like That,6567
2020-04-07 03:43,Snoh Aalegra,Love Like That,195846
2020-04-07 03:45,Snoh Aalegra,Be Careful,108301
2020-04-07 03:48,Snoh Aalegra,"Charleville 9200, Pt. II",179952
2020-04-07 03:51,Snoh Aalegra,You,204468
2020-04-07 03:51,Snoh Aalegra,Njoy,0
2020-04-07 03:52,Snoh Aalegra,Be Careful,26218
2020-04-07 03:53,Snoh Aalegra,Njoy,81633
2020-04-07 03:53,Snoh Aalegra,Nothing to Me,841
2020-04-07 03:56,Snoh Aalegra,Nothing to Me,1090
2020-04-07 03:58,Snoh Aalegra,Love Like That,167462
2020-04-07 03:59,Snoh Aalegra,Be Careful,3187
2020-04-07 04:00,Snoh Aalegra,"Charleville 9200, Pt. II",112500
2020-04-07 04:01,Snoh Aalegra,Whoa,10370
2020-04-07 04:01,Snoh Aalegra,Toronto,19170
2020-04-07 04:01,Snoh Aalegra,Find Someone Like You,12700
2020-04-07 04:03,Snoh Aalegra,Situationship,79890
2020-04-07 04:04,Snoh Aalegra,You,54890
2020-04-07 04:04,Snoh Aalegra,Be Careful,60810
2020-04-07 04:05,Snoh Aalegra,Be Careful,16640
2020-04-07 04:08,Snoh Aalegra,Nothing to Me,169590
2020-04-07 04:11,Snoh Aalegra,I Didn't Mean To Fall In Love,202213
2020-04-07 04:14,Snoh Aalegra,You,10490
2020-04-07 04:14,Snoh Aalegra,Peace,166176
2020-04-07 04:17,Snoh Aalegra,Love Like That,195846
2020-04-07 04:18,Snoh Aalegra,Be Careful,62393
2020-04-07 04:21,Snoh Aalegra,Love Like That,195846
2020-04-07 04:22,Snoh Aalegra,Be Careful,15243
2020-04-07 04:26,Katy Perry,Never Really Over,223523
2020-04-07 04:27,Katy Perry,Never Really Over,59476
2020-04-07 04:29,Kiana Ledé,Cancelled.,166626
2020-04-07 04:32,Kiana Ledé,Movin.,186026
2020-04-07 04:35,Kiana Ledé,Mad At Me.,135373
2020-04-07 04:38,Kiana Ledé,Chocolate. (ft. Ari Lennox),186120
2020-04-07 04:42,Kiana Ledé,Forfeit. (ft. Lucky Daye),242400
2020-04-07 04:45,Kiana Ledé,Second Chances. (ft. 6LACK),192120
2020-04-07 04:47,Kiana Ledé,Crazy.,135760
2020-04-07 04:51,Kiana Ledé,Plenty More.,208746
2020-04-07 04:53,Kiana Ledé,Skiterlude.,109400
2020-04-07 04:55,Kiana Ledé,"Labels. (ft. Moneybagg Yo, BIA)",155666
2020-04-07 04:58,Kiana Ledé,Honest.,158133
2020-04-07 05:01,Kiana Ledé,Feel A Way.,167560
2020-04-07 05:07,Kiana Ledé,Good Girl. (ft. Col3trane),139246
2020-04-07 05:11,Alessia Cara,I Choose - From The Netflix Original Film The Willoughbys,217347
2020-04-07 05:15,Alessia Cara,I Choose - From The Netflix Original Film The Willoughbys,217347
2020-04-07 05:18,Alessia Cara,I Choose - From The Netflix Original Film The Willoughbys,217347
2020-04-07 05:22,Alessia Cara,I Choose - From The Netflix Original Film The Willoughbys,198376
2020-04-07 05:25,Katy Perry,Never Really Over,223523
2020-04-07 05:29,Katy Perry,Never Really Over,223523
2020-04-07 05:33,Katy Perry,Never Really Over,223523
2020-04-07 05:37,Katy Perry,Never Really Over,223523
2020-04-07 05:38,Katy Perry,Never Really Over,64897
2020-04-07 05:40,Pink Sweat$,"Coke & Henny, Pt. 1",149538
2020-04-07 05:43,Pink Sweat$,Coke & Henny Pt. 2,157333
2020-04-07 05:46,Pink Sweat$,Your Side,183600
2020-04-07 05:48,Pink Sweat$,Body Ain't Me,162260
2020-04-07 05:50,Aeris Roves,No Guarantee - Acoustic Version,62429
2020-04-07 05:51,Pink Sweat$,I Know,178695
2020-04-07 05:54,Pink Sweat$,"Coke & Henny, Pt. 1",149538
2020-04-07 05:55,Pink Sweat$,Coke & Henny Pt. 2,75852
2020-04-07 05:58,Tayla Parx,Slow Dancing,144517
2020-04-07 06:01,Tayla Parx,Me vs. Us,197324
2020-04-07 06:02,Tayla Parx,What Can I Say - Interlude,90655
2020-04-07 06:05,Tayla Parx,Afraid To Fall,130213
2020-04-07 06:05,Tayla Parx,Happy Birthday - Interlude,39709
2020-04-07 06:08,Tayla Parx,Slow Dancing,144517
2020-04-07 06:11,Tayla Parx,What Can I Say - Interlude,10818
2020-04-07 06:11,Tayla Parx,Me vs. Us,197324
2020-04-07 06:14,Snoh Aalegra,Love Like That,195846
2020-04-07 06:16,Tory Lanez,Jerry Sprunger (with T-Pain),750
2020-04-07 06:16,Snoh Aalegra,Be Careful,73413
2020-04-07 06:20,Tory Lanez,Jerry Sprunger (with T-Pain),233430
2020-04-07 06:22,Tory Lanez,Do The Most,143932
2020-04-07 06:26,Tory Lanez,TAlk tO Me (with Rich The Kid feat. Lil Wayne) - Remix,248450
2020-04-07 06:27,Tory Lanez,Say It,67694
2020-04-07 06:30,Kelela,Rewind,172937
2020-04-07 06:34,Tink,Treat Me Like Somebody,234683
2020-04-07 06:38,Nao,Another Lifetime,209444
2020-04-07 06:41,Nao,If You Ever (feat. 6LACK),221688
2020-04-07 06:45,Nao,Drive and Disconnect,209934
2020-04-07 06:48,Mura Masa,Complicated,213930
2020-04-07 06:52,Nao,Orbit,233694
2020-04-07 06:55,Nao,Bad Blood,104980
2020-04-07 06:58,Amber Mark,Heart-Shaped Box,169198
2020-04-07 07:01,Amber Mark,Lose My Cool,214449
2020-04-07 07:04,Amber Mark,Mixer,192687
2020-04-07 07:09,Amber Mark,Love Me Right,274437
2020-04-07 07:12,Arin Ray,Change (with Kehlani),192439
2020-04-07 07:15,Arin Ray,A Seat,162944
2020-04-07 07:18,Eric Bellinger,G.O.A.T.,184929
2020-04-07 07:21,Eric Bellinger,Type a Way (feat. Chris Brown & OG Parker),180966
2020-04-07 07:23,Eric Bellinger,Drive By,144182
2020-04-07 07:27,Elle Varner,Refill,239444
2020-04-07 07:31,Elle Varner,Only Wanna Give It To You (feat. J. Cole),237451
2020-04-07 07:35,Elle Varner,I Don't Care,185412
2020-04-07 07:36,Elle Varner,1 to 10,64711
2020-04-07 07:38,Lolo Zouaï,Caffeine,159689
2020-04-07 07:42,Lolo Zouaï,Moi,192935
2020-04-07 07:45,Lolo Zouaï,High Highs to Low Lows,234221
2020-04-07 07:50,Lolo Zouaï,Desert Rose,266438
2020-04-07 07:53,Lolo Zouaï,Brooklyn Love,24184
2020-04-07 07:53,Lolo Zouaï,Chain,181941
2020-04-07 07:56,Lolo Zouaï,Summers in Vegas,188693
2020-04-07 07:59,Lolo Zouaï,Out the Bottle,156446
2020-04-07 08:02,Kara Marni,Caught up,175682
2020-04-07 08:02,Kara Marni,Lose My Love - Acoustic,11449
2020-04-07 08:02,Kara Marni,Lose My Love,8198
2020-04-07 08:05,Kara Marni,Lose My Love,185402
2020-04-07 08:09,Kara Marni,Opposite,192176
2020-04-07 08:10,Kara Marni,Opposite,8128
2020-04-07 08:10,Kara Marni,Lose My Love,75903
2020-04-07 08:13,Kara Marni,Caught up,175692
2020-04-07 08:16,Kara Marni,"All Night, Pt. I",209899
2020-04-07 08:19,Kara Marni,No Logic,159150
2020-04-07 08:22,Kara Marni,Lay Your Blame,189545
2020-04-07 08:25,Kara Marni,"All Night, Pt. II",170629
2020-04-07 08:25,Kara Marni,"All Night, Pt. I",17535
2020-04-07 08:26,Kara Marni,No Logic,15530
2020-04-07 08:28,Kara Marni,Lay Your Blame,161640
2020-04-07 08:29,Kara Marni,"All Night, Pt. II",14551
2020-04-07 08:32,Kara Marni,"All Night, Pt. II",7190
2020-04-07 08:32,Kara Marni,Lay Your Blame,189545
2020-04-07 08:35,Kara Marni,Opposite,167786
2020-04-07 08:38,Kara Marni,Lose My Love - Acoustic,180921
2020-04-07 08:40,Kara Marni,Caught up,131644
2020-04-07 08:42,Kara Marni,Move,145088
2020-04-07 08:47,Kara Marni,My Love Is Your Love,248938
2020-04-07 08:50,Sinead Harnett,If You Let Me,232490
2020-04-07 08:54,Sinead Harnett,Unconditional - Sonny Fodera Remix,190370
2020-04-07 16:16,Sinead Harnett,Lessons,159104
2020-04-07 16:19,Sinead Harnett,Leo Bear,187392
2020-04-07 16:20,Sinead Harnett,Leo Bear,78370
2020-04-07 16:24,Sinead Harnett,If You Let Me,332
2020-04-07 16:24,Sinead Harnett,Pulling Away,199603
2020-04-07 16:26,Sinead Harnett,Leo Bear,30631
2020-04-07 16:26,Sinead Harnett,Lessons,123614
2020-04-07 16:26,Sinead Harnett,Pulling Away,10120
2020-04-07 16:29,Sinead Harnett,Lessons,13501
2020-04-07 16:29,Sinead Harnett,If You Let Me,177959
2020-04-07 16:30,Sinead Harnett,Leo Bear,21189
2020-04-07 16:30,Sinead Harnett,Pulling Away,17525
2020-04-07 16:31,Sinead Harnett,If You Let Me,48326
2020-04-07 16:34,Sinead Harnett,No Pressure,220127
2020-04-07 16:38,Sinead Harnett,All That You Are,216797
2020-04-07 16:40,Sinead Harnett,By Myself,4799
2020-04-07 16:40,Sinead Harnett,Be the One (Interlude),133909
2020-04-07 16:41,Sinead Harnett,Be the One (Interlude),11225
2020-04-07 16:41,Sinead Harnett,No Pressure,26279
2020-04-07 16:44,Sinead Harnett,Leo Bear,19731
2020-04-07 16:44,Sinead Harnett,By Myself,170436
2020-04-07 16:47,Sinead Harnett,Too Good for a Bad Thing,163923
2020-04-07 16:50,Sinead Harnett,Him Too,182626
2020-04-07 16:53,Sinead Harnett,Living,207443
2020-04-07 16:55,Ady Suleiman,Rise Up,5368
2020-04-07 16:55,Sinead Harnett,Walking Away,130763
2020-04-07 16:56,Ady Suleiman,Rise Up,24000
2020-04-07 17:00,Secret Rendezvous,At Your Best (You Are Love),254550
2020-04-07 17:03,PJ Morton,Say So - Acoustic Version,194080
2020-04-07 17:06,Pip Millett,Deeper Dark,189546
2020-04-07 17:11,Gabe Bondoc,Stronger Than,266577
2020-04-07 17:14,Jessica Domingo,Island - Acoustic,212608
2020-04-07 17:19,Jeremy Passion,Meant to Be,274311
2020-04-07 17:22,Kara Marni,No Logic - Acoustic,170000
2020-04-07 17:25,JP Cooper,The Reason Why - Guitar Acoustic,189149
2020-04-07 17:28,Emily King,Radio - Acoustic,177942
2020-04-07 17:33,Black Pumas,Colors - Acoustic,323008
2020-04-07 17:38,Lola Young,Burn - Outro 4 Intro,214013
2020-04-07 17:42,Tingsek,This Womans Work,227710
2020-04-07 19:37,Maverick Sabre,Slow Down (Acoustic),18030
2020-04-07 19:39,Maverick Sabre,Slow Down (Acoustic),138387
2020-04-07 19:44,Sasha Keable,Loyalty - Acoustic,263317
2020-04-07 19:48,Dayo Bello,Wait for You,274286
2020-04-07 19:48,Sinead Harnett,If You Let Me (acoustic),153852
2020-04-07 19:52,PJ Morton,First Began - Acoustic Version,213967
2020-04-07 19:56,Lily Moore,Nothing On You - Piano Version,243971
2020-04-07 19:59,Poo Bear,Yes Please,200763
2020-04-07 20:03,Biig Piig,Roses and Gold - Acoustic,229644
2020-04-07 20:05,Mac Ayres,This Bag,132000
2020-04-07 20:08,Emily King,Teach You - Acoustic,183827
2020-04-07 20:12,Ben L'Oncle Soul,Next To You - Acoustic version,205062
2020-04-07 20:16,Jaz Karis,"Get You - Live at The Dairy, London, 2018",253103
2020-04-07 20:18,Marc Broussard,I Love You More Than You'll Ever Know - Live at Dockside Studio,104727
2020-04-07 20:20,Kiana Ledé,No Takebacks.,144893
2020-04-07 20:24,Kiana Ledé,Attention.,202347
2020-04-07 20:26,Kiana Ledé,Separation. (ft. Arin Ray),157613
2020-04-07 20:29,Kiana Ledé,Protection.,130049
2020-04-07 20:32,Kara Marni,Golden,226813
2020-04-07 20:36,Kara Marni,Golden,8035
2020-04-07 20:36,Kara Marni,Curve,213695
2020-04-07 20:40,Kara Marni,Love Just Ain't Enough,215981
2020-04-07 20:42,Kara Marni,All or Nothing,162976
2020-04-07 20:46,Kara Marni,Gullible,198405
2020-04-07 20:49,Kara Marni,Selfish,2753
2020-04-07 20:49,Kara Marni,Golden,7157
2020-04-07 20:49,Kara Marni,L Word,185852
2020-04-07 20:49,Kara Marni,Curve,18103
2020-04-07 20:51,Kara Marni,Golden,83069
2020-04-07 20:51,Kara Marni,L Word,14765
2020-04-07 20:54,Kara Marni,Selfish,206387
2020-04-07 20:59,Lolo Zouaï,High Highs to Low Lows,234360
2020-04-07 21:02,Lolo Zouaï,High Highs to Low Lows,15517
2020-04-07 21:02,Lolo Zouaï,Chevy Impala,9804
2020-04-07 21:02,Lolo Zouaï,Moi,192907
2020-04-07 21:06,Lolo Zouaï,Chevy Impala,201947
2020-04-07 21:08,Lolo Zouaï,Caffeine,159733
2020-04-07 21:13,Lolo Zouaï,Ride,258666
2020-04-07 21:16,Lolo Zouaï,Look at Us,17128
2020-04-07 21:16,Lolo Zouaï,Here to Stay,209653
2020-04-07 21:17,Lolo Zouaï,Chevy Impala,40315
2020-04-07 21:18,Lolo Zouaï,Look at Us,78288
2020-04-07 21:19,Lolo Zouaï,Ride,12405
2020-04-07 21:21,Lolo Zouaï,Caffeine,158425
2020-04-07 21:26,Lolo Zouaï,Desert Rose,266493
2020-04-07 21:29,Lolo Zouaï,Out the Bottle,3797
2020-04-07 21:29,Lolo Zouaï,Summers in Vegas,188747
2020-04-07 21:33,Lolo Zouaï,Desert Rose,265944
2020-04-07 21:35,Lolo Zouaï,Summers in Vegas,124985
2020-04-07 21:35,Lolo Zouaï,Desert Rose,7471
2020-04-07 21:36,Lolo Zouaï,Look at Us,7772
2020-04-07 21:36,Lolo Zouaï,Here to Stay,10264
2020-04-07 21:36,Lolo Zouaï,Desert Rose,51628
2020-04-07 21:40,Lolo Zouaï,Summers in Vegas,204567
2020-04-07 21:43,Lolo Zouaï,Out the Bottle,160339
2020-04-07 21:43,Lolo Zouaï,Blue,3048
2020-04-07 21:47,Lolo Zouaï,Beaucoup,215307
2020-04-07 21:50,Lolo Zouaï,Chain,182027
2020-04-07 21:50,Lolo Zouaï,Chain,15748
2020-04-07 21:50,Lolo Zouaï,Money Diamonds Roses,8065
2020-04-07 21:53,Lolo Zouaï,Chain,2016
2020-04-07 21:53,Lolo Zouaï,Beaucoup,1905
2020-04-07 21:53,Lolo Zouaï,Blue,190936
2020-04-07 21:56,Lolo Zouaï,Money Diamonds Roses,177880
2020-04-07 21:59,Lolo Zouaï,Chevy Impala (feat. E-40),189360
2020-04-07 22:05,Lolo Zouaï,Caffeine,159733
2020-04-07 22:05,Lolo Zouaï,Ride,35140
2020-04-07 22:08,Lolo Zouaï,Caffeine,155976
2020-04-07 22:10,Kiana Ledé,Cancelled.,156874
2020-04-07 22:14,Kiana Ledé,Movin.,186027
2020-04-07 22:16,Kiana Ledé,Mad At Me.,135373
2020-04-07 22:19,Kiana Ledé,Chocolate. (ft. Ari Lennox),186120
2020-04-07 22:23,Kiana Ledé,Forfeit. (ft. Lucky Daye),242400
2020-04-07 22:26,Kiana Ledé,Second Chances. (ft. 6LACK),192120
2020-04-07 22:28,Kiana Ledé,Crazy.,135760
2020-04-07 22:32,Kiana Ledé,Plenty More.,208747
2020-04-07 22:34,Kiana Ledé,Skiterlude.,109400
2020-04-07 22:36,Kiana Ledé,"Labels. (ft. Moneybagg Yo, BIA)",155667
2020-04-07 22:39,Kiana Ledé,Honest.,158133
2020-04-07 22:42,Kiana Ledé,Feel A Way.,167560
2020-04-07 22:45,Kiana Ledé,Good Girl. (ft. Col3trane),194000
2020-04-07 22:48,Kiana Ledé,Attention.,202347
2020-04-07 22:51,Kiana Ledé,Separation. (ft. Arin Ray),157613
2020-04-07 22:55,Kiana Ledé,Protection.,232973
2020-04-07 22:57,Kiana Ledé,No Takebacks.,144893
2020-04-07 23:00,Kiana Ledé,No Takebacks.,144893
2020-04-07 23:03,Lolo Zouaï,Caffeine,159733
2020-04-07 23:04,Lolo Zouaï,Ride,24234
2020-04-07 23:06,Tayla Parx,Slow Dancing,144517
2020-04-08 00:08,Tayla Parx,Me vs. Us,71282
2020-04-08 00:11,PARTYNEXTDOOR,BELIEVE IT,183219
2020-04-08 00:13,Tory Lanez,The Take (feat. Chris Brown),1830
2020-04-08 00:13,Marc E. Bassy,Right Now,153991
2020-04-08 00:17,Khalid,Eleven,206360
2020-04-08 00:20,Jhené Aiko,Happiness Over Everything (H.O.E.) (feat. Future & Miguel),188160
2020-04-08 00:23,Kehlani,Toxic,168182
2020-04-08 00:26,BROCKHAMPTON,SUGAR,204533
2020-04-08 00:30,The Weeknd,In Your Eyes,237520
2020-04-08 00:33,dvsn,Between Us (feat. Snoh Aalegra),179033
2020-04-08 00:36,TWENTY88,On The Way,203226
2020-04-08 00:39,TWENTY88,Push It,154746
2020-04-08 00:40,TWENTY88,2 Minute Warning,70386
2020-04-08 00:43,Lolo Zouaï,Caffeine,159733
2020-04-08 00:44,Lolo Zouaï,Ride,97666
2020-04-08 00:48,KAROL G,Follow,203093
2020-04-08 00:50,Emilia,No Más,152631
2020-04-08 00:54,Camilo,Favorito,211613
2020-04-08 00:57,Mau y Ricky,Me Enamora,168167
2020-04-08 01:00,Dalex,Matemáticas,192534
2020-04-08 01:03,Brytiago,Borracho,197360
2020-04-08 01:09,Lunay,La Cama - Remix,330240
2020-04-08 01:12,Nacho,Raro,199093
2020-04-08 01:16,Yandel,Espionaje,217467
2020-04-08 01:19,Rauw Alejandro,Elegí (feat. Dímelo Flow),197721
2020-04-08 01:22,Rauw Alejandro,Elegí (feat. Dímelo Flow),197721
2020-04-08 01:25,Cali Y El Dandee,Tu Nombre,164720
2020-04-08 01:28,J Balvin,Gris,176626
2020-04-08 01:31,Yera,Fantasma,191250
2020-04-08 01:35,Sebastian Yatra,Falta Amor,203760
2020-04-08 01:38,Lyanno,Luna Llena,213913
2020-04-08 01:41,Ovy On The Drums,Ya no me llames,188041
2020-04-08 01:44,ROSALÍA,Dolerme,143975
2020-04-08 01:48,Wisin & Yandel,Ganas de Ti,226520
2020-04-08 01:51,Morat,No Termino,189669
2020-04-08 01:53,K. Cero,On the Way,163230
2020-04-08 01:56,Cuji,October,178983
2020-04-08 02:00,Sabrina Carpenter,Honeymoon Fades,195161
2020-04-08 02:03,James Ross K,Violet,179957
2020-04-08 02:05,Dounia,Love-Showered,164129
2020-04-08 02:08,Miranda Glory,Pisces,170222
2020-04-08 02:11,REHMA,Lavender,188638
2020-04-08 02:15,Keke Palmer,Virgo Tendencies,188780
2020-04-08 02:18,Jared Brady,Twelve23,201807
2020-04-08 02:21,Destiny Rogers,Lo Lo,203081
2020-04-08 02:25,BENNETT,Give Me A Reason,204786
2020-04-08 02:28,Ms. White,Old Man Charlie,185142
2020-04-08 02:31,Duchess,Why Can’t We?,181480
2020-04-08 02:34,Jessie Reyez,FAR AWAY,161360
2020-04-08 02:37,IV Jay,With You,211086
2020-04-08 02:40,Amanda Reifer,Rich Bitch Juice,156942
2020-04-08 02:43,Taura,Strangers,214854
2020-04-08 02:47,Zola Courtney,Searching,229894
2020-04-08 02:50,Kéo,Face to Face,149260
2020-04-08 02:53,Amindi,Love Em Leave Em (feat. Kari Faux),175983
2020-04-08 02:57,Julles,Speed of Light,236637
2020-04-08 03:00,A Boogie Wit da Hoodie,Calm Down (Bittersweet) [feat. Summer Walker],183703
2020-04-08 03:03,Joistarr,Wait for It,210000
2020-04-08 03:06,Melanie Faye,Super Sad Always,193000
2020-04-08 03:10,Chelsea Cutler,Summer Love - Recorded at Spotify Studios NYC,214381
2020-04-08 03:13,Rileyy Lanez,Left 4 Me,156236
2020-04-08 03:16,Jorja Smith,Be Honest (feat. Ms Banks) (Cadenza & AoD Remix),208869
2020-04-08 03:20,KAYTRANADA,The Worst In Me (feat. Tinashe),226720
2020-04-08 03:24,ALLY,Fomo,254762
2020-04-08 03:29,Anju,Fill Into Me,303313
2020-04-08 03:33,Tiana Blake,Cut Ties,211881
2020-04-08 03:36,Cuji,October,178983
2020-04-08 03:39,Sabrina Carpenter,Honeymoon Fades,195161
2020-04-08 03:41,James Ross K,Violet,111448
2020-04-08 03:44,Jessie Reyez,DO YOU LOVE HER,196493
2020-04-08 03:47,Jessie Reyez,DEAF (who are you),173066
2020-04-08 03:50,Jessie Reyez,INTRUDERS,185066
2020-04-08 03:54,Jessie Reyez,COFFIN (feat. Eminem),261773
2020-04-08 03:55,Jessie Reyez,ANKLES,5080
2020-04-08 03:58,Jessie Reyez,IMPORTED (with 6LACK),225213
2020-04-08 04:02,Jessie Reyez,LA MEMORIA,197733
2020-04-08 04:05,Jessie Reyez,SAME SIDE,190346
2020-04-08 04:07,Jessie Reyez,ROOF,105706
2020-04-08 04:09,Jessie Reyez,DOPE,157533
2020-04-08 04:13,Jessie Reyez,KILL US,245866
2020-04-08 04:17,Jessie Reyez,LOVE IN THE DARK,239093
2020-04-08 04:21,Jessie Reyez,I DO,232333
2020-04-08 04:25,Jessie Reyez,FIGURES,238266
2020-04-08 04:28,Jessie Reyez,DO YOU LOVE HER,196493
2020-04-08 04:31,Jessie Reyez,DEAF (who are you),173066
2020-04-08 04:34,Jessie Reyez,INTRUDERS,185066
2020-04-08 04:39,Jessie Reyez,COFFIN (feat. Eminem),261773
2020-04-08 04:42,Jessie Reyez,ANKLES,169240
2020-04-08 04:45,Jessie Reyez,IMPORTED (with 6LACK),225213
2020-04-08 04:49,Jessie Reyez,LA MEMORIA,197733
2020-04-08 04:52,Jessie Reyez,SAME SIDE,190346
2020-04-08 04:53,Jessie Reyez,ROOF,105706
2020-04-08 04:56,Jessie Reyez,DOPE,157533
2020-04-08 05:00,Jessie Reyez,KILL US,245866
2020-04-08 05:02,Jessie Reyez,LOVE IN THE DARK,97906
2020-04-08 05:05,Mahalia,What You Did (feat. Ella Mai),206946
2020-04-08 05:08,Mahalia,Simmer (feat. Burna Boy),167680
2020-04-08 05:11,Mahalia,Grateful,185991
2020-04-08 05:16,Mahalia,Sober,266287
2020-04-08 05:19,Mahalia,I Wish I Missed My Ex,203066
2020-04-08 05:22,Mahalia,No Pressure,196484
2020-04-08 05:26,Mahalia,Do Not Disturb,230560
2020-04-08 05:30,Mahalia,Surprise Me,219340
2020-04-08 05:33,Mahalia,Hide Out,169880
2020-04-08 05:36,Mahalia,Square 1,220306
2020-04-08 05:40,Mahalia,No Reply,193813
2020-04-08 05:43,Mahalia,17,211600
2020-04-08 05:47,Mahalia,Karma,258666
2020-04-08 05:51,Mahalia,Proud of Me (feat. Little Simz),215862
2020-04-08 05:56,Russ,Keep It Pushin (feat. Mahalia),300280
2020-04-08 05:58,Mahalia,Honeymoon,128072
2020-04-08 06:01,Kiana Ledé,Cancelled.,166626
2020-04-08 06:04,Kiana Ledé,Movin.,186026
2020-04-08 06:06,Kiana Ledé,Mad At Me.,135373
2020-04-08 06:09,Kiana Ledé,Chocolate. (ft. Ari Lennox),186120
2020-04-08 06:13,Kiana Ledé,Forfeit. (ft. Lucky Daye),242400
2020-04-08 06:17,Kiana Ledé,Second Chances. (ft. 6LACK),192120
2020-04-08 06:19,Kiana Ledé,Crazy.,135760
2020-04-08 06:22,Kiana Ledé,Plenty More.,208746
2020-04-08 06:24,Kiana Ledé,Skiterlude.,109400
2020-04-08 06:27,Kiana Ledé,"Labels. (ft. Moneybagg Yo, BIA)",155666
2020-04-08 06:29,Kiana Ledé,Honest.,158133
2020-04-08 06:32,Kiana Ledé,Feel A Way.,167560
2020-04-08 06:36,Kiana Ledé,Good Girl. (ft. Col3trane),194000
2020-04-08 06:39,Kiana Ledé,Attention.,202346
2020-04-08 06:42,Kiana Ledé,Separation. (ft. Arin Ray),157613
2020-04-08 06:45,Kiana Ledé,Protection.,232973
2020-04-08 06:48,Kiana Ledé,No Takebacks.,144893
2020-04-08 06:49,Kiana Ledé,Cancelled.,95570
2020-04-08 06:52,Lolo Zouaï,Caffeine,159733
2020-04-08 06:55,Lolo Zouaï,Ride,183880
2020-04-08 06:58,Lolo Zouaï,Here to Stay,148006
2020-04-08 07:02,Lolo Zouaï,High Highs to Low Lows,234360
2020-04-08 07:05,Lolo Zouaï,Moi,192906
2020-04-08 07:08,Lolo Zouaï,Chevy Impala,201946
2020-04-08 07:11,Lolo Zouaï,Caffeine,159733
2020-04-08 07:14,Lolo Zouaï,Ride,183880
2020-04-08 07:17,Lolo Zouaï,Here to Stay,209653
2020-04-08 07:18,Lolo Zouaï,Look at Us,28740
2020-04-08 07:22,The Weeknd,Too Late,239973
2020-04-08 07:25,The Weeknd,Hardest To Love,211400
2020-04-08 07:29,The Weeknd,Scared To Live,191306
2020-04-08 07:33,The Weeknd,Snowchild,247186
2020-04-08 07:39,The Weeknd,Escape From LA,355960
2020-04-08 07:42,The Weeknd,Heartless,198266
2020-04-08 07:47,The Weeknd,Faith,283226
2020-04-08 07:50,The Weeknd,Blinding Lights,200040
2020-04-08 07:54,The Weeknd,In Your Eyes,237520
